Epitope,Epitope,Epitope,Epitope,Epitope,Epitope,Epitope,Epitope,Epitope,Epitope,Epitope,Epitope,Epitope,Epitope,Epitope,Epitope,Epitope,Related Object,Related Object,Related Object,Related Object,Related Object,Related Object,Related Object,Related Object,Related Object,Related Object,Related Object
Epitope ID,Object Type,Description,Epitope Modified Residue(s),Epitope Modification(s),Starting Position,Ending Position,Non-peptidic epitope Accession,Epitope Synonyms,Antigen Name,Antigen Accession,Parent Protein,Parent Protein Accession,Organism Name,Parent Organism,Parent Organism ID,Epitope Comments,Epitope Relationship,Object Type,Description,Starting Position,Ending Position,Non-peptidic object Accession,Synonyms,Antigen Name,Parent Protein,Organism Name,Parent Organism
"23293","Linear peptide","GWTFGAGAALQIPFA","","","885","899","","","surface glycoprotein [Severe acute respiratory syndrome coronavirus 2]","QHD43416.1","Spike glycoprotein","P0DTC2","Severe acute respiratory syndrome coronavirus 2","Severe acute respiratory syndrome-related coronavirus","694009","","","","","","","","","","","",""
"38990","Linear peptide","LQSLQTYVTQQLIRA","","","1001","1015","","","Spike glycoprotein","P0DTC2.1","Spike glycoprotein","P0DTC2","Severe acute respiratory syndrome coronavirus 2","Severe acute respiratory syndrome-related coronavirus","694009","","","","","","","","","","","",""
"532384","Linear peptide","KEELDKYFKNHTSPD","","","1149","1163","","","surface glycoprotein [Severe acute respiratory syndrome coronavirus 2]","QHD43416.1","Spike glycoprotein","P0DTC2","Severe acute respiratory syndrome coronavirus 2","Severe acute respiratory syndrome-related coronavirus","694009","","","","","","","","","","","",""
"533050","Linear peptide","NFGAISSVLNDILSR","","","969","983","","","Spike glycoprotein","P0DTC2.1","Spike glycoprotein","P0DTC2","Severe acute respiratory syndrome coronavirus 2","Severe acute respiratory syndrome-related coronavirus","694009","","","","","","","","","","","",""
"1069137","Linear peptide","AQYTSALLAGTITSG","","","871","885","","","surface glycoprotein [Severe acute respiratory syndrome coronavirus 2]","YP_009724390.1","Spike glycoprotein","P0DTC2","Severe acute respiratory syndrome coronavirus 2","Severe acute respiratory syndrome-related coronavirus","694009","","","","","","","","","","","",""
"1069291","Linear peptide","CVADYSVLYNSASFS","","","361","375","","","surface glycoprotein [Severe acute respiratory syndrome coronavirus 2]","YP_009724390.1","Spike glycoprotein","P0DTC2","Severe acute respiratory syndrome coronavirus 2","Severe acute respiratory syndrome-related coronavirus","694009","","","","","","","","","","","",""
"1069378","Linear peptide","ECDIPIGAGICASYQ","","","661","675","","","surface glycoprotein [Severe acute respiratory syndrome coronavirus 2]","QHD43416.1","Spike glycoprotein","P0DTC2","Severe acute respiratory syndrome coronavirus 2","Severe acute respiratory syndrome-related coronavirus","694009","","","","","","","","","","","",""
"1069521","Linear peptide","FIEDLLFNKVTLADA","","","817","831","","","Spike glycoprotein","P0DTC2.1","Spike glycoprotein","P0DTC2","Severe acute respiratory syndrome coronavirus 2","Severe acute respiratory syndrome-related coronavirus","694009","","","","","","","","","","","",""
"1069550","Linear peptide","FNFNGLTGTGVLTES","","","541","555","","","surface glycoprotein [Severe acute respiratory syndrome coronavirus 2]","QHD43416.1","Spike glycoprotein","P0DTC2","Severe acute respiratory syndrome coronavirus 2","Severe acute respiratory syndrome-related coronavirus","694009","","","","","","","","","","","",""
"1069816","Linear peptide","GINASVVNIQKEIDR","","","1171","1185","","","surface glycoprotein [Severe acute respiratory syndrome coronavirus 2]","YP_009724390.1","Spike glycoprotein","P0DTC2","Severe acute respiratory syndrome coronavirus 2","Severe acute respiratory syndrome-related coronavirus","694009","","","","","","","","","","","",""
"1069822","Linear peptide","GKQGNFKNLREFVFK","","","181","195","","","surface glycoprotein [Severe acute respiratory syndrome coronavirus 2]","YP_009724390.1","Spike glycoprotein","P0DTC2","Severe acute respiratory syndrome coronavirus 2","Severe acute respiratory syndrome-related coronavirus","694009","","","","","","","","","","","",""
"1070803","Linear peptide","KPSKRSFIEDLLFNK","","","811","825","","","surface glycoprotein [Severe acute respiratory syndrome coronavirus 2]","YP_009724390.1","Spike glycoprotein","P0DTC2","Severe acute respiratory syndrome coronavirus 2","Severe acute respiratory syndrome-related coronavirus","694009","","","","","","","","","","","",""
"1071133","Linear peptide","LGDIAARDLICAQKF","","","841","855","","","surface glycoprotein [Severe acute respiratory syndrome coronavirus 2]","YP_009724390.1","Spike glycoprotein","P0DTC2","Severe acute respiratory syndrome coronavirus 2","Severe acute respiratory syndrome-related coronavirus","694009","","","","","","","","","","","",""
"1071580","Linear peptide","NLLLQYGSFCTQLNR","","","760","774","","","surface glycoprotein, partial [Severe acute respiratory syndrome coronavirus 2]","CAD0240757.1","Spike glycoprotein","P0DTC2","Severe acute respiratory syndrome coronavirus 2","Severe acute respiratory syndrome-related coronavirus","694009","","","","","","","","","","","",""
"1071585","Linear peptide","NLVRDLPQGFSALEP","","","211","225","","","surface glycoprotein [Severe acute respiratory syndrome coronavirus 2]","YP_009724390.1","Spike glycoprotein","P0DTC2","Severe acute respiratory syndrome coronavirus 2","Severe acute respiratory syndrome-related coronavirus","694009","","","","","","","","","","","",""
"1071788","Linear peptide","PPAYTNSFTRGVYYP","","","25","39","","","surface glycoprotein [Severe acute respiratory syndrome coronavirus 2]","QHD43416.1","Spike glycoprotein","P0DTC2","Severe acute respiratory syndrome coronavirus 2","Severe acute respiratory syndrome-related coronavirus","694009","","","","","","","","","","","",""
"1071850","Linear peptide","QELGKYEQYIKWPWY","","","1201","1215","","","surface glycoprotein [Severe acute respiratory syndrome coronavirus 2]","YP_009724390.1","Spike glycoprotein","P0DTC2","Severe acute respiratory syndrome coronavirus 2","Severe acute respiratory syndrome-related coronavirus","694009","","","","","","","","","","","",""
"1071978","Linear peptide","QMAYRFNGIGVTQNV","","","901","915","","","surface glycoprotein [Severe acute respiratory syndrome coronavirus 2]","YP_009724390.1","Spike glycoprotein","P0DTC2","Severe acute respiratory syndrome coronavirus 2","Severe acute respiratory syndrome-related coronavirus","694009","","","","","","","","","","","",""
"1072807","Linear peptide","SKHTPINLVRDLPQG","","","205","219","","","Distinct conformational states of SARS-CoV-2 spike protein","6XR8_A","Spike glycoprotein","P0DTC2","Severe acute respiratory syndrome coronavirus 2","Severe acute respiratory syndrome-related coronavirus","694009","","","","","","","","","","","",""
"1072965","Linear peptide","SVTTEILPVSMTKTS","","","721","735","","","surface glycoprotein [Severe acute respiratory syndrome coronavirus 2]","YP_009724390.1","Spike glycoprotein","P0DTC2","Severe acute respiratory syndrome coronavirus 2","Severe acute respiratory syndrome-related coronavirus","694009","","","","","","","","","","","",""
"1073276","Linear peptide","TDNTFVSGNCDVVIG","","","1117","1131","","","surface glycoprotein [Severe acute respiratory syndrome coronavirus 2]","QHD43416.1","Spike glycoprotein","P0DTC2","Severe acute respiratory syndrome coronavirus 2","Severe acute respiratory syndrome-related coronavirus","694009","","","","","","","","","","","",""
"1073438","Linear peptide","TKLNDLCFTNVYADS","","","385","399","","","surface glycoprotein [Severe acute respiratory syndrome coronavirus 2]","QHD43416.1","Spike glycoprotein","P0DTC2","Severe acute respiratory syndrome coronavirus 2","Severe acute respiratory syndrome-related coronavirus","694009","","","","","","","","","","","",""
"1073698","Linear peptide","VGGNYNYLYRLFRKS","","","445","459","","","surface glycoprotein [Severe acute respiratory syndrome coronavirus 2]","QHD43416.1","Spike glycoprotein","P0DTC2","Severe acute respiratory syndrome coronavirus 2","Severe acute respiratory syndrome-related coronavirus","694009","","","","","","","","","","","",""
"1073956","Linear peptide","VVLSFELLHAPATVC","","","520","534","","","surface glycoprotein, partial [Severe acute respiratory syndrome coronavirus 2]","CAD0240757.1","Spike glycoprotein","P0DTC2","Severe acute respiratory syndrome coronavirus 2","Severe acute respiratory syndrome-related coronavirus","694009","","","","","","","","","","","",""
"1309110","Linear peptide","CTFEYVSQPFLMDLE","","","166","180","","","surface glycoprotein [Severe acute respiratory syndrome coronavirus 2]","YP_009724390.1","Spike glycoprotein","P0DTC2","Severe acute respiratory syndrome coronavirus 2","Severe acute respiratory syndrome-related coronavirus","694009","","","","","","","","","","","",""
"1309113","Linear peptide","EFVFKNIDGYFKIYS","","","191","205","","","surface glycoprotein [Severe acute respiratory syndrome coronavirus 2]","YP_009724390.1","Spike glycoprotein","P0DTC2","Severe acute respiratory syndrome coronavirus 2","Severe acute respiratory syndrome-related coronavirus","694009","","","","","","","","","","","",""
"1309120","Linear peptide","GVSPTKLNDLCFTNV","","","390","404","","","surface glycoprotein, partial [Severe acute respiratory syndrome coronavirus 2]","CAD0240757.1","Spike glycoprotein","P0DTC2","Severe acute respiratory syndrome coronavirus 2","Severe acute respiratory syndrome-related coronavirus","694009","","","","","","","","","","","",""
"1309123","Linear peptide","KHTPINLVRDLPQGF","","","206","220","","","surface glycoprotein [Severe acute respiratory syndrome coronavirus 2]","YP_009724390.1","Spike glycoprotein","P0DTC2","Severe acute respiratory syndrome coronavirus 2","Severe acute respiratory syndrome-related coronavirus","694009","","","","","","","","","","","",""
"1309132","Linear peptide","NFSQILPDPSKPSKR","","","810","824","","","surface glycoprotein, partial [Severe acute respiratory syndrome coronavirus 2]","CAD0240757.1","Spike glycoprotein","P0DTC2","Severe acute respiratory syndrome coronavirus 2","Severe acute respiratory syndrome-related coronavirus","694009","","","","","","","","","","","",""
"1309139","Linear peptide","STECSNLLLQYGSFC","","","746","760","","","surface glycoprotein [Severe acute respiratory syndrome coronavirus 2]","YP_009724390.1","Spike glycoprotein","P0DTC2","Severe acute respiratory syndrome coronavirus 2","Severe acute respiratory syndrome-related coronavirus","694009","","","","","","","","","","","",""
"1309140","Linear peptide","TDEMIAQYTSALLAG","","","875","889","","","surface glycoprotein, partial [Severe acute respiratory syndrome coronavirus 2]","CAD0240757.1","Spike glycoprotein","P0DTC2","Severe acute respiratory syndrome coronavirus 2","Severe acute respiratory syndrome-related coronavirus","694009","","","","","","","","","","","",""
"1309143","Linear peptide","YAWNRKRISNCVADY","","","360","374","","","surface glycoprotein, partial [Severe acute respiratory syndrome coronavirus 2]","CAD0240757.1","Spike glycoprotein","P0DTC2","Severe acute respiratory syndrome coronavirus 2","Severe acute respiratory syndrome-related coronavirus","694009","","","","","","","","","","","",""
"1309913","Linear peptide","PFAMQMAYRFNGIGV","","","897","911","","","surface glycoprotein [Severe acute respiratory syndrome coronavirus 2]","QHD43416.1","Spike glycoprotein","P0DTC2","Severe acute respiratory syndrome coronavirus 2","Severe acute respiratory syndrome-related coronavirus","694009","","","","","","","","","","","",""
"1310254","Linear peptide","AENSVAYSNNSIAIP","","","701","715","","","surface glycoprotein [Severe acute respiratory syndrome coronavirus 2]","YP_009724390.1","Spike glycoprotein","P0DTC2","Severe acute respiratory syndrome coronavirus 2","Severe acute respiratory syndrome-related coronavirus","694009","","","","","","","","","","","",""
"1310259","Linear peptide","AGFIKQYGDCLGDIA","","","831","845","","","surface glycoprotein [Severe acute respiratory syndrome coronavirus 2]","YP_009724390.1","Spike glycoprotein","P0DTC2","Severe acute respiratory syndrome coronavirus 2","Severe acute respiratory syndrome-related coronavirus","694009","","","","","","","","","","","",""
"1310271","Linear peptide","ALLAGTITSGWTFGA","","","876","890","","","surface glycoprotein [Severe acute respiratory syndrome coronavirus 2]","YP_009724390.1","Spike glycoprotein","P0DTC2","Severe acute respiratory syndrome coronavirus 2","Severe acute respiratory syndrome-related coronavirus","694009","","","","","","","","","","","",""
"1310281","Linear peptide","APHGVVFLHVTYVPA","","","1056","1070","","","surface glycoprotein [Severe acute respiratory syndrome coronavirus 2]","YP_009724390.1","Spike glycoprotein","P0DTC2","Severe acute respiratory syndrome coronavirus 2","Severe acute respiratory syndrome-related coronavirus","694009","","","","","","","","","","","",""
"1310284","Linear peptide","ARDLICAQKFNGLTV","","","846","860","","","surface glycoprotein [Severe acute respiratory syndrome coronavirus 2]","YP_009724390.1","Spike glycoprotein","P0DTC2","Severe acute respiratory syndrome coronavirus 2","Severe acute respiratory syndrome-related coronavirus","694009","","","","","","","","","","","",""
"1310300","Linear peptide","AYSNNSIAIPTNFTI","","","706","720","","","surface glycoprotein [Severe acute respiratory syndrome coronavirus 2]","YP_009724390.1","Spike glycoprotein","P0DTC2","Severe acute respiratory syndrome coronavirus 2","Severe acute respiratory syndrome-related coronavirus","694009","","","","","","","","","","","",""
"1310303","Linear peptide","CAQKFNGLTVLPPLL","","","851","865","","","surface glycoprotein [Severe acute respiratory syndrome coronavirus 2]","YP_009724390.1","Spike glycoprotein","P0DTC2","Severe acute respiratory syndrome coronavirus 2","Severe acute respiratory syndrome-related coronavirus","694009","","","","","","","","","","","",""
"1310306","Linear peptide","CEFQFCNDPFLGVYY","","","131","145","","","surface glycoprotein [Severe acute respiratory syndrome coronavirus 2]","YP_009724390.1","Spike glycoprotein","P0DTC2","Severe acute respiratory syndrome coronavirus 2","Severe acute respiratory syndrome-related coronavirus","694009","","","","","","","","","","","",""
"1310312","Linear peptide","CPFGEVFNATRFASV","","","336","350","","","surface glycoprotein [Severe acute respiratory syndrome coronavirus 2]","YP_009724390.1","Spike glycoprotein","P0DTC2","Severe acute respiratory syndrome coronavirus 2","Severe acute respiratory syndrome-related coronavirus","694009","","","","","","","","","","","",""
"1310336","Linear peptide","DSKTQSLLIVNNATN","","","111","125","","","surface glycoprotein [Severe acute respiratory syndrome coronavirus 2]","YP_009724390.1","Spike glycoprotein","P0DTC2","Severe acute respiratory syndrome coronavirus 2","Severe acute respiratory syndrome-related coronavirus","694009","","","","","","","","","","","",""
"1310360","Linear peptide","EIYQAGSTPCNGVEG","","","471","485","","","surface glycoprotein [Severe acute respiratory syndrome coronavirus 2]","YP_009724390.1","Spike glycoprotein","P0DTC2","Severe acute respiratory syndrome coronavirus 2","Severe acute respiratory syndrome-related coronavirus","694009","","","","","","","","","","","",""
"1310361","Linear peptide","EKSNIIRGWIFGTTL","","","96","110","","","surface glycoprotein [Severe acute respiratory syndrome coronavirus 2]","YP_009724390.1","Spike glycoprotein","P0DTC2","Severe acute respiratory syndrome coronavirus 2","Severe acute respiratory syndrome-related coronavirus","694009","","","","","","","","","","","",""
"1310362","Linear peptide","ELDKYFKNHTSPDVD","","","1151","1165","","","surface glycoprotein [Severe acute respiratory syndrome coronavirus 2]","YP_009724390.1","Spike glycoprotein","P0DTC2","Severe acute respiratory syndrome coronavirus 2","Severe acute respiratory syndrome-related coronavirus","694009","","","","","","","","","","","",""
"1310392","Linear peptide","FGTTLDSKTQSLLIV","","","106","120","","","surface glycoprotein [Severe acute respiratory syndrome coronavirus 2]","YP_009724390.1","Spike glycoprotein","P0DTC2","Severe acute respiratory syndrome coronavirus 2","Severe acute respiratory syndrome-related coronavirus","694009","","","","","","","","","","","",""
"1310401","Linear peptide","FKIYSKHTPINLVRD","","","201","215","","","surface glycoprotein [Severe acute respiratory syndrome coronavirus 2]","YP_009724390.1","Spike glycoprotein","P0DTC2","Severe acute respiratory syndrome coronavirus 2","Severe acute respiratory syndrome-related coronavirus","694009","","","","","","","","","","","",""
"1310412","Linear peptide","FNCYFPLQSYGFQPT","","","486","500","","","surface glycoprotein [Severe acute respiratory syndrome coronavirus 2]","YP_009724390.1","Spike glycoprotein","P0DTC2","Severe acute respiratory syndrome coronavirus 2","Severe acute respiratory syndrome-related coronavirus","694009","","","","","","","","","","","",""
"1310415","Linear peptide","FNGLTVLPPLLTDEM","","","855","869","","","surface glycoprotein [Severe acute respiratory syndrome coronavirus 2]","QHD43416.1","Spike glycoprotein","P0DTC2","Severe acute respiratory syndrome coronavirus 2","Severe acute respiratory syndrome-related coronavirus","694009","","","","","","","","","","","",""
"1310423","Linear peptide","FTVEKGIYQTSNFRV","","","306","320","","","surface glycoprotein [Severe acute respiratory syndrome coronavirus 2]","YP_009724390.1","Spike glycoprotein","P0DTC2","Severe acute respiratory syndrome coronavirus 2","Severe acute respiratory syndrome-related coronavirus","694009","","","","","","","","","","","",""
"1310426","Linear peptide","FVSGNCDVVIGIVNN","","","1121","1135","","","surface glycoprotein [Severe acute respiratory syndrome coronavirus 2]","YP_009724390.1","Spike glycoprotein","P0DTC2","Severe acute respiratory syndrome coronavirus 2","Severe acute respiratory syndrome-related coronavirus","694009","","","","","","","","","","","",""
"1310444","Linear peptide","GIVNNTVYDPLQPEL","","","1131","1145","","","surface glycoprotein [Severe acute respiratory syndrome coronavirus 2]","YP_009724390.1","Spike glycoprotein","P0DTC2","Severe acute respiratory syndrome coronavirus 2","Severe acute respiratory syndrome-related coronavirus","694009","","","","","","","","","","","",""
"1310474","Linear peptide","HKNNKSWMESEFRVY","","","146","160","","","surface glycoprotein [Severe acute respiratory syndrome coronavirus 2]","YP_009724390.1","Spike glycoprotein","P0DTC2","Severe acute respiratory syndrome coronavirus 2","Severe acute respiratory syndrome-related coronavirus","694009","","","","","","","","","","","",""
"1310476","Linear peptide","HWFVTQRNFYEPQII","","","1101","1115","","","surface glycoprotein [Severe acute respiratory syndrome coronavirus 2]","YP_009724390.1","Spike glycoprotein","P0DTC2","Severe acute respiratory syndrome coronavirus 2","Severe acute respiratory syndrome-related coronavirus","694009","","","","","","","","","","","",""
"1310487","Linear peptide","IGINITRFQTLLALH","","","231","245","","","surface glycoprotein [Severe acute respiratory syndrome coronavirus 2]","YP_009724390.1","Spike glycoprotein","P0DTC2","Severe acute respiratory syndrome coronavirus 2","Severe acute respiratory syndrome-related coronavirus","694009","","","","","","","","","","","",""
"1310503","Linear peptide","IPFAMQMAYRFNGIG","","","896","910","","","surface glycoprotein [Severe acute respiratory syndrome coronavirus 2]","YP_009724390.1","Spike glycoprotein","P0DTC2","Severe acute respiratory syndrome coronavirus 2","Severe acute respiratory syndrome-related coronavirus","694009","","","","","","","","","","","",""
"1310506","Linear peptide","IRGWIFGTTLDSKTQ","","","101","115","","","surface glycoprotein [Severe acute respiratory syndrome coronavirus 2]","YP_009724390.1","Spike glycoprotein","P0DTC2","Severe acute respiratory syndrome coronavirus 2","Severe acute respiratory syndrome-related coronavirus","694009","","","","","","","","","","","",""
"1310513","Linear peptide","ITRFQTLLALHRSYL","","","235","249","","","surface glycoprotein [Severe acute respiratory syndrome coronavirus 2]","QHD43416.1","Spike glycoprotein","P0DTC2","Severe acute respiratory syndrome coronavirus 2","Severe acute respiratory syndrome-related coronavirus","694009","","","","","","","","","","","",""
"1310515","Linear peptide","IVRFPNITNLCPFGE","","","326","340","","","surface glycoprotein [Severe acute respiratory syndrome coronavirus 2]","YP_009724390.1","Spike glycoprotein","P0DTC2","Severe acute respiratory syndrome coronavirus 2","Severe acute respiratory syndrome-related coronavirus","694009","","","","","","","","","","","",""
"1310542","Linear peptide","KLIANQFNSAIGKIQ","","","921","935","","","surface glycoprotein [Severe acute respiratory syndrome coronavirus 2]","QHD43416.1","Spike glycoprotein","P0DTC2","Severe acute respiratory syndrome coronavirus 2","Severe acute respiratory syndrome-related coronavirus","694009","","","","","","","","","","","",""
"1310545","Linear peptide","KLNDLCFTNVYADSF","","","386","400","","","surface glycoprotein [Severe acute respiratory syndrome coronavirus 2]","YP_009724390.1","Spike glycoprotein","P0DTC2","Severe acute respiratory syndrome coronavirus 2","Severe acute respiratory syndrome-related coronavirus","694009","","","","","","","","","","","",""
"1310548","Linear peptide","KNTQEVFAQVKQIYK","","","776","790","","","surface glycoprotein [Severe acute respiratory syndrome coronavirus 2]","YP_009724390.1","Spike glycoprotein","P0DTC2","Severe acute respiratory syndrome coronavirus 2","Severe acute respiratory syndrome-related coronavirus","694009","","","","","","","","","","","",""
"1310551","Linear peptide","KRISNCVADYSVLYN","","","356","370","","","surface glycoprotein [Severe acute respiratory syndrome coronavirus 2]","YP_009724390.1","Spike glycoprotein","P0DTC2","Severe acute respiratory syndrome coronavirus 2","Severe acute respiratory syndrome-related coronavirus","694009","","","","","","","","","","","",""
"1310575","Linear peptide","LGVYYHKNNKSWMES","","","141","155","","","surface glycoprotein [Severe acute respiratory syndrome coronavirus 2]","YP_009724390.1","Spike glycoprotein","P0DTC2","Severe acute respiratory syndrome coronavirus 2","Severe acute respiratory syndrome-related coronavirus","694009","","","","","","","","","","","",""
"1310589","Linear peptide","LKPFERDISTEIYQA","","","461","475","","","surface glycoprotein [Severe acute respiratory syndrome coronavirus 2]","YP_009724390.1","Spike glycoprotein","P0DTC2","Severe acute respiratory syndrome coronavirus 2","Severe acute respiratory syndrome-related coronavirus","694009","","","","","","","","","","","",""
"1310593","Linear peptide","LLFNKVTLADAGFIK","","","821","835","","","surface glycoprotein [Severe acute respiratory syndrome coronavirus 2]","YP_009724390.1","Spike glycoprotein","P0DTC2","Severe acute respiratory syndrome coronavirus 2","Severe acute respiratory syndrome-related coronavirus","694009","","","","","","","","","","","",""
"1310603","Linear peptide","LMDLEGKQGNFKNLR","","","176","190","","","surface glycoprotein [Severe acute respiratory syndrome coronavirus 2]","YP_009724390.1","Spike glycoprotein","P0DTC2","Severe acute respiratory syndrome coronavirus 2","Severe acute respiratory syndrome-related coronavirus","694009","","","","","","","","","","","",""
"1310609","Linear peptide","LPDPSKPSKRSFIED","","","806","820","","","surface glycoprotein [Severe acute respiratory syndrome coronavirus 2]","YP_009724390.1","Spike glycoprotein","P0DTC2","Severe acute respiratory syndrome coronavirus 2","Severe acute respiratory syndrome-related coronavirus","694009","","","","","","","","","","","",""
"1310610","Linear peptide","LPFFSNVTWFHAIHV","","","56","70","","","surface glycoprotein [Severe acute respiratory syndrome coronavirus 2]","YP_009724390.1","Spike glycoprotein","P0DTC2","Severe acute respiratory syndrome coronavirus 2","Severe acute respiratory syndrome-related coronavirus","694009","","","","","","","","","","","",""
"1310611","Linear peptide","LPPLLTDEMIAQYTS","","","861","875","","","surface glycoprotein [Severe acute respiratory syndrome coronavirus 2]","YP_009724390.1","Spike glycoprotein","P0DTC2","Severe acute respiratory syndrome coronavirus 2","Severe acute respiratory syndrome-related coronavirus","694009","","","","","","","","","","","",""
"1310612","Linear peptide","LPQGFSALEPLVDLP","","","216","230","","","surface glycoprotein [Severe acute respiratory syndrome coronavirus 2]","YP_009724390.1","Spike glycoprotein","P0DTC2","Severe acute respiratory syndrome coronavirus 2","Severe acute respiratory syndrome-related coronavirus","694009","","","","","","","","","","","",""
"1310614","Linear peptide","LQPELDSFKEELDKY","","","1141","1155","","","surface glycoprotein [Severe acute respiratory syndrome coronavirus 2]","YP_009724390.1","Spike glycoprotein","P0DTC2","Severe acute respiratory syndrome coronavirus 2","Severe acute respiratory syndrome-related coronavirus","694009","","","","","","","","","","","",""
"1310620","Linear peptide","LSRLDKVEAEVQIDR","","","981","995","","","Spike glycoprotein","P0DTC2.1","Spike glycoprotein","P0DTC2","Severe acute respiratory syndrome coronavirus 2","Severe acute respiratory syndrome-related coronavirus","694009","","","","","","","","","","","",""
"1310624","Linear peptide","LTGTGVLTESNKKFL","","","546","560","","","surface glycoprotein [Severe acute respiratory syndrome coronavirus 2]","YP_009724390.1","Spike glycoprotein","P0DTC2","Severe acute respiratory syndrome coronavirus 2","Severe acute respiratory syndrome-related coronavirus","694009","","","","","","","","","","","",""
"1310633","Linear peptide","LYENQKLIANQFNSA","","","916","930","","","surface glycoprotein [Severe acute respiratory syndrome coronavirus 2]","YP_009724390.1","Spike glycoprotein","P0DTC2","Severe acute respiratory syndrome coronavirus 2","Severe acute respiratory syndrome-related coronavirus","694009","","","","","","","","","","","",""
"1310664","Linear peptide","NIDGYFKIYSKHTPI","","","196","210","","","surface glycoprotein [Severe acute respiratory syndrome coronavirus 2]","YP_009724390.1","Spike glycoprotein","P0DTC2","Severe acute respiratory syndrome coronavirus 2","Severe acute respiratory syndrome-related coronavirus","694009","","","","","","","","","","","",""
"1310678","Linear peptide","NPVLPFNDGVYFAST","","","81","95","","","surface glycoprotein [Severe acute respiratory syndrome coronavirus 2]","YP_009724390.1","Spike glycoprotein","P0DTC2","Severe acute respiratory syndrome coronavirus 2","Severe acute respiratory syndrome-related coronavirus","694009","","","","","","","","","","","",""
"1310701","Linear peptide","NVTWFHAIHVSGTNG","","","61","75","","","Distinct conformational states of SARS-CoV-2 spike protein","6XR8_A","Spike glycoprotein","P0DTC2","Severe acute respiratory syndrome coronavirus 2","Severe acute respiratory syndrome-related coronavirus","694009","","","","","","","","","","","",""
"1310745","Linear peptide","QPTESIVRFPNITNL","","","321","335","","","Spike glycoprotein","P0DTC2.1","Spike glycoprotein","P0DTC2","Severe acute respiratory syndrome coronavirus 2","Severe acute respiratory syndrome-related coronavirus","694009","","","","","","","","","","","",""
"1310747","Linear peptide","QPYRVVVLSFELLHA","","","506","520","","","surface glycoprotein [Severe acute respiratory syndrome coronavirus 2]","YP_009724390.1","Spike glycoprotein","P0DTC2","Severe acute respiratory syndrome coronavirus 2","Severe acute respiratory syndrome-related coronavirus","694009","","","","","","","","","","","",""
"1310750","Linear peptide","QRNFYEPQIITTDNT","","","1106","1120","","","surface glycoprotein [Severe acute respiratory syndrome coronavirus 2]","YP_009724390.1","Spike glycoprotein","P0DTC2","Severe acute respiratory syndrome coronavirus 2","Severe acute respiratory syndrome-related coronavirus","694009","","","","","","","","","","","",""
"1310755","Linear peptide","QYGDCLGDIAARDLI","","","836","850","","","surface glycoprotein [Severe acute respiratory syndrome coronavirus 2]","YP_009724390.1","Spike glycoprotein","P0DTC2","Severe acute respiratory syndrome coronavirus 2","Severe acute respiratory syndrome-related coronavirus","694009","","","","","","","","","","","",""
"1310765","Linear peptide","RFASVYAWNRKRISN","","","346","360","","","surface glycoprotein [Severe acute respiratory syndrome coronavirus 2]","YP_009724390.1","Spike glycoprotein","P0DTC2","Severe acute respiratory syndrome coronavirus 2","Severe acute respiratory syndrome-related coronavirus","694009","","","","","","","","","","","",""
"1310785","Linear peptide","SALEPLVDLPIGINI","","","221","235","","","surface glycoprotein [Severe acute respiratory syndrome coronavirus 2]","YP_009724390.1","Spike glycoprotein","P0DTC2","Severe acute respiratory syndrome coronavirus 2","Severe acute respiratory syndrome-related coronavirus","694009","","","","","","","","","","","",""
"1310787","Linear peptide","SASFSTFKCYGVSPT","","","371","385","","","surface glycoprotein [Severe acute respiratory syndrome coronavirus 2]","YP_009724390.1","Spike glycoprotein","P0DTC2","Severe acute respiratory syndrome coronavirus 2","Severe acute respiratory syndrome-related coronavirus","694009","","","","","","","","","","","",""
"1310796","Linear peptide","SFIEDLLFNKVTLAD","","","816","830","","","surface glycoprotein [Severe acute respiratory syndrome coronavirus 2]","YP_009724390.1","Spike glycoprotein","P0DTC2","Severe acute respiratory syndrome coronavirus 2","Severe acute respiratory syndrome-related coronavirus","694009","","","","","","","","","","","",""
"1310802","Linear peptide","SIAIPTNFTISVTTE","","","711","725","","","surface glycoprotein [Severe acute respiratory syndrome coronavirus 2]","YP_009724390.1","Spike glycoprotein","P0DTC2","Severe acute respiratory syndrome coronavirus 2","Severe acute respiratory syndrome-related coronavirus","694009","","","","","","","","","","","",""
"1310810","Linear peptide","SLLIVNNATNVVIKV","","","116","130","","","surface glycoprotein [Severe acute respiratory syndrome coronavirus 2]","YP_009724390.1","Spike glycoprotein","P0DTC2","Severe acute respiratory syndrome coronavirus 2","Severe acute respiratory syndrome-related coronavirus","694009","","","","","","","","","","","",""
"1310814","Linear peptide","SNFRVQPTESIVRFP","","","316","330","","","surface glycoprotein [Severe acute respiratory syndrome coronavirus 2]","YP_009724390.1","Spike glycoprotein","P0DTC2","Severe acute respiratory syndrome coronavirus 2","Severe acute respiratory syndrome-related coronavirus","694009","","","","","","","","","","","",""
"1310820","Linear peptide","SSANNCTFEYVSQPF","","","161","175","","","surface glycoprotein [Severe acute respiratory syndrome coronavirus 2]","YP_009724390.1","Spike glycoprotein","P0DTC2","Severe acute respiratory syndrome coronavirus 2","Severe acute respiratory syndrome-related coronavirus","694009","","","","","","","","","","","",""
"1310827","Linear peptide","SVLHSTQDLFLPFFS","","","46","60","","","surface glycoprotein [Severe acute respiratory syndrome coronavirus 2]","YP_009724390.1","Spike glycoprotein","P0DTC2","Severe acute respiratory syndrome coronavirus 2","Severe acute respiratory syndrome-related coronavirus","694009","","","","","","","","","","","",""
"1310828","Linear peptide","SVLYNSASFSTFKCY","","","366","380","","","surface glycoprotein [Severe acute respiratory syndrome coronavirus 2]","YP_009724390.1","Spike glycoprotein","P0DTC2","Severe acute respiratory syndrome coronavirus 2","Severe acute respiratory syndrome-related coronavirus","694009","","","","","","","","","","","",""
"1310841","Linear peptide","TFKCYGVSPTKLNDL","","","376","390","","","surface glycoprotein [Severe acute respiratory syndrome coronavirus 2]","YP_009724390.1","Spike glycoprotein","P0DTC2","Severe acute respiratory syndrome coronavirus 2","Severe acute respiratory syndrome-related coronavirus","694009","","","","","","","","","","","",""
"1310847","Linear peptide","TITSGWTFGAGAALQ","","","881","895","","","surface glycoprotein [Severe acute respiratory syndrome coronavirus 2]","YP_009724390.1","Spike glycoprotein","P0DTC2","Severe acute respiratory syndrome coronavirus 2","Severe acute respiratory syndrome-related coronavirus","694009","","","","","","","","","","","",""
"1310850","Linear peptide","TLEILDITPCSFGGV","","","581","595","","","surface glycoprotein [Severe acute respiratory syndrome coronavirus 2]","YP_009724390.1","Spike glycoprotein","P0DTC2","Severe acute respiratory syndrome coronavirus 2","Severe acute respiratory syndrome-related coronavirus","694009","","","","","","","","","","","",""
"1310855","Linear peptide","TNFTISVTTEILPVS","","","716","730","","","surface glycoprotein [Severe acute respiratory syndrome coronavirus 2]","YP_009724390.1","Spike glycoprotein","P0DTC2","Severe acute respiratory syndrome coronavirus 2","Severe acute respiratory syndrome-related coronavirus","694009","","","","","","","","","","","",""
"1310860","Linear peptide","TPPIKDFGGFNFSQI","","","791","805","","","surface glycoprotein [Severe acute respiratory syndrome coronavirus 2]","YP_009724390.1","Spike glycoprotein","P0DTC2","Severe acute respiratory syndrome coronavirus 2","Severe acute respiratory syndrome-related coronavirus","694009","","","","","","","","","","","",""
"1310863","Linear peptide","TQLNRALTGIAVEQD","","","761","775","","","surface glycoprotein [Severe acute respiratory syndrome coronavirus 2]","YP_009724390.1","Spike glycoprotein","P0DTC2","Severe acute respiratory syndrome coronavirus 2","Severe acute respiratory syndrome-related coronavirus","694009","","","","","","","","","","","",""
"1310865","Linear peptide","TRFQTLLALHRSYLT","","","236","250","","","surface glycoprotein [Severe acute respiratory syndrome coronavirus 2]","YP_009724390.1","Spike glycoprotein","P0DTC2","Severe acute respiratory syndrome coronavirus 2","Severe acute respiratory syndrome-related coronavirus","694009","","","","","","","","","","","",""
"1310884","Linear peptide","VFAQVKQIYKTPPIK","","","781","795","","","surface glycoprotein [Severe acute respiratory syndrome coronavirus 2]","YP_009724390.1","Spike glycoprotein","P0DTC2","Severe acute respiratory syndrome coronavirus 2","Severe acute respiratory syndrome-related coronavirus","694009","","","","","","","","","","","",""
"1310891","Linear peptide","VIRGDEVRQIAPGQT","","","401","415","","","surface glycoprotein [Severe acute respiratory syndrome coronavirus 2]","YP_009724390.1","Spike glycoprotein","P0DTC2","Severe acute respiratory syndrome coronavirus 2","Severe acute respiratory syndrome-related coronavirus","694009","","","","","","","","","","","",""
"1310909","Linear peptide","VNLTTRTQLPPAYTN","","","16","30","","","surface glycoprotein [Severe acute respiratory syndrome coronavirus 2]","YP_009724390.1","Spike glycoprotein","P0DTC2","Severe acute respiratory syndrome coronavirus 2","Severe acute respiratory syndrome-related coronavirus","694009","","","","","","","","","","","",""
"1310910","Linear peptide","VNNSYECDIPIGAGI","","","656","670","","","surface glycoprotein [Severe acute respiratory syndrome coronavirus 2]","YP_009724390.1","Spike glycoprotein","P0DTC2","Severe acute respiratory syndrome coronavirus 2","Severe acute respiratory syndrome-related coronavirus","694009","","","","","","","","","","","",""
"1310922","Linear peptide","VSQPFLMDLEGKQGN","","","171","185","","","surface glycoprotein [Severe acute respiratory syndrome coronavirus 2]","YP_009724390.1","Spike glycoprotein","P0DTC2","Severe acute respiratory syndrome coronavirus 2","Severe acute respiratory syndrome-related coronavirus","694009","","","","","","","","","","","",""
"1310923","Linear peptide","VSSQCVNLTTRTQLP","","","11","25","","","surface glycoprotein [Severe acute respiratory syndrome coronavirus 2]","YP_009724390.1","Spike glycoprotein","P0DTC2","Severe acute respiratory syndrome coronavirus 2","Severe acute respiratory syndrome-related coronavirus","694009","","","","","","","","","","","",""
"1310925","Linear peptide","VTLADAGFIKQYGDC","","","826","840","","","surface glycoprotein [Severe acute respiratory syndrome coronavirus 2]","YP_009724390.1","Spike glycoprotein","P0DTC2","Severe acute respiratory syndrome coronavirus 2","Severe acute respiratory syndrome-related coronavirus","694009","","","","","","","","","","","",""
"1310927","Linear peptide","VTQNVLYENQKLIAN","","","911","925","","","surface glycoprotein [Severe acute respiratory syndrome coronavirus 2]","YP_009724390.1","Spike glycoprotein","P0DTC2","Severe acute respiratory syndrome coronavirus 2","Severe acute respiratory syndrome-related coronavirus","694009","","","","","","","","","","","",""
"1310930","Linear peptide","VVIKVCEFQFCNDPF","","","126","140","","","surface glycoprotein [Severe acute respiratory syndrome coronavirus 2]","YP_009724390.1","Spike glycoprotein","P0DTC2","Severe acute respiratory syndrome coronavirus 2","Severe acute respiratory syndrome-related coronavirus","694009","","","","","","","","","","","",""
"1310935","Linear peptide","VYYPDKVFRSSVLHS","","","36","50","","","surface glycoprotein [Severe acute respiratory syndrome coronavirus 2]","YP_009724390.1","Spike glycoprotein","P0DTC2","Severe acute respiratory syndrome coronavirus 2","Severe acute respiratory syndrome-related coronavirus","694009","","","","","","","","","","","",""
"1310945","Linear peptide","WNSNNLDSKVGGNYN","","","436","450","","","surface glycoprotein [Severe acute respiratory syndrome coronavirus 2]","YP_009724390.1","Spike glycoprotein","P0DTC2","Severe acute respiratory syndrome coronavirus 2","Severe acute respiratory syndrome-related coronavirus","694009","","","","","","","","","","","",""
"1310948","Linear peptide","YADSFVIRGDEVRQI","","","396","410","","","surface glycoprotein [Severe acute respiratory syndrome coronavirus 2]","YP_009724390.1","Spike glycoprotein","P0DTC2","Severe acute respiratory syndrome coronavirus 2","Severe acute respiratory syndrome-related coronavirus","694009","","","","","","","","","","","",""
"1312272","Linear peptide","CSNLLLQYGSFCTQL","","","749","763","","","Spike glycoprotein","P0DTC2.1","Spike glycoprotein","P0DTC2","Severe acute respiratory syndrome coronavirus 2","Severe acute respiratory syndrome-related coronavirus","694009","","","","","","","","","","","",""
"1312282","Linear peptide","DCTMYICGDSTECSN","","","737","751","","","surface glycoprotein [Severe acute respiratory syndrome coronavirus 2]","QHD43416.1","Spike glycoprotein","P0DTC2","Severe acute respiratory syndrome coronavirus 2","Severe acute respiratory syndrome-related coronavirus","694009","","","","","","","","","","","",""
"1312421","Linear peptide","FGGFNFSQILPDPSK","","","797","811","","","Spike glycoprotein","P0DTC2.1","Spike glycoprotein","P0DTC2","Severe acute respiratory syndrome coronavirus 2","Severe acute respiratory syndrome-related coronavirus","694009","","","","","","","","","","","",""
"1312484","Linear peptide","FQFCNDPFLGVYYHK","","","133","147","","","surface glycoprotein [Severe acute respiratory syndrome coronavirus 2]","QHD43416.1","Spike glycoprotein","P0DTC2","Severe acute respiratory syndrome coronavirus 2","Severe acute respiratory syndrome-related coronavirus","694009","","","","","","","","","","","",""
"1312689","Linear peptide","IDGYFKIYSKHTPIN","","","197","211","","","Spike glycoprotein","P0DTC2.1","Spike glycoprotein","P0DTC2","Severe acute respiratory syndrome coronavirus 2","Severe acute respiratory syndrome-related coronavirus","694009","","","","","","","","","","","",""
"1312775","Linear peptide","ISSVLNDILSRLDKV","","","973","987","","","Spike glycoprotein","P0DTC2.1","Spike glycoprotein","P0DTC2","Severe acute respiratory syndrome coronavirus 2","Severe acute respiratory syndrome-related coronavirus","694009","","","","","","","","","","","",""
"1313008","Linear peptide","LLQYGSFCTQLNRAL","","","753","767","","","surface glycoprotein [Severe acute respiratory syndrome coronavirus 2]","QHD43416.1","Spike glycoprotein","P0DTC2","Severe acute respiratory syndrome coronavirus 2","Severe acute respiratory syndrome-related coronavirus","694009","","","","","","","","","","","",""
"1313083","Linear peptide","LSFELLHAPATVCGP","","","513","527","","","surface glycoprotein [Severe acute respiratory syndrome coronavirus 2]","QHD43416.1","Spike glycoprotein","P0DTC2","Severe acute respiratory syndrome coronavirus 2","Severe acute respiratory syndrome-related coronavirus","694009","","","","","","","","","","","",""
"1313194","Linear peptide","NCTFEYVSQPFLMDL","","","165","179","","","surface glycoprotein [Severe acute respiratory syndrome coronavirus 2]","QHD43416.1","Spike glycoprotein","P0DTC2","Severe acute respiratory syndrome coronavirus 2","Severe acute respiratory syndrome-related coronavirus","694009","","","","","","","","","","","",""
"1313203","Linear peptide","NFRVQPTESIVRFPN","","","317","331","","","surface glycoprotein [Severe acute respiratory syndrome coronavirus 2]","QHD43416.1","Spike glycoprotein","P0DTC2","Severe acute respiratory syndrome coronavirus 2","Severe acute respiratory syndrome-related coronavirus","694009","","","","","","","","","","","",""
"1313230","Linear peptide","NNSYECDIPIGAGIC","","","657","671","","","surface glycoprotein [Severe acute respiratory syndrome coronavirus 2]","QHD43416.1","Spike glycoprotein","P0DTC2","Severe acute respiratory syndrome coronavirus 2","Severe acute respiratory syndrome-related coronavirus","694009","","","","","","","","","","","",""
"1313262","Linear peptide","NVVIKVCEFQFCNDP","","","125","139","","","surface glycoprotein [Severe acute respiratory syndrome coronavirus 2]","QHD43416.1","Spike glycoprotein","P0DTC2","Severe acute respiratory syndrome coronavirus 2","Severe acute respiratory syndrome-related coronavirus","694009","","","","","","","","","","","",""
"1313276","Linear peptide","PFFSNVTWFHAIHVS","","","57","71","","","Distinct conformational states of SARS-CoV-2 spike protein","6XR8_A","Spike glycoprotein","P0DTC2","Severe acute respiratory syndrome coronavirus 2","Severe acute respiratory syndrome-related coronavirus","694009","","","","","","","","","","","",""
"1313285","Linear peptide","PINLVRDLPQGFSAL","","","209","223","","","Distinct conformational states of SARS-CoV-2 spike protein","6XR8_A","Spike glycoprotein","P0DTC2","Severe acute respiratory syndrome coronavirus 2","Severe acute respiratory syndrome-related coronavirus","694009","","","","","","","","","","","",""
"1313324","Linear peptide","QALNTLVKQLSSNFG","","","957","971","","","Spike glycoprotein","P0DTC2.1","Spike glycoprotein","P0DTC2","Severe acute respiratory syndrome coronavirus 2","Severe acute respiratory syndrome-related coronavirus","694009","","","","","","","","","","","",""
"1313359","Linear peptide","QLSSNFGAISSVLND","","","965","979","","","surface glycoprotein [Severe acute respiratory syndrome coronavirus 2]","QHD43416.1","Spike glycoprotein","P0DTC2","Severe acute respiratory syndrome coronavirus 2","Severe acute respiratory syndrome-related coronavirus","694009","","","","","","","","","","","",""
"1313363","Linear peptide","QNVLYENQKLIANQF","","","913","927","","","surface glycoprotein [Severe acute respiratory syndrome coronavirus 2]","QHD43416.1","Spike glycoprotein","P0DTC2","Severe acute respiratory syndrome coronavirus 2","Severe acute respiratory syndrome-related coronavirus","694009","","","","","","","","","","","",""
"1313403","Linear peptide","RALTGIAVEQDKNTQ","","","765","779","","","surface glycoprotein [Severe acute respiratory syndrome coronavirus 2]","QHD43416.1","Spike glycoprotein","P0DTC2","Severe acute respiratory syndrome coronavirus 2","Severe acute respiratory syndrome-related coronavirus","694009","","","","","","","","","","","",""
"1313576","Linear peptide","SKRSFIEDLLFNKVT","","","813","827","","","Spike glycoprotein","P0DTC2.1","Spike glycoprotein","P0DTC2","Severe acute respiratory syndrome coronavirus 2","Severe acute respiratory syndrome-related coronavirus","694009","","","","","","","","","","","",""
"1313689","Linear peptide","STEIYQAGSTPCNGV","","","469","483","","","surface glycoprotein [Severe acute respiratory syndrome coronavirus 2]","QHD43416.1","Spike glycoprotein","P0DTC2","Severe acute respiratory syndrome coronavirus 2","Severe acute respiratory syndrome-related coronavirus","694009","","","","","","","","","","","",""
"1313732","Linear peptide","TAPAICHDGKAHFPR","","","1077","1091","","","surface glycoprotein [Severe acute respiratory syndrome coronavirus 2]","QHD43416.1","Spike glycoprotein","P0DTC2","Severe acute respiratory syndrome coronavirus 2","Severe acute respiratory syndrome-related coronavirus","694009","","","","","","","","","","","",""
"1313796","Linear peptide","TRFASVYAWNRKRIS","","","345","359","","","surface glycoprotein [Severe acute respiratory syndrome coronavirus 2]","QHD43416.1","Spike glycoprotein","P0DTC2","Severe acute respiratory syndrome coronavirus 2","Severe acute respiratory syndrome-related coronavirus","694009","","","","","","","","","","","",""
"1313797","Linear peptide","TRGVYYPDKVFRSSV","","","33","47","","","surface glycoprotein [Severe acute respiratory syndrome coronavirus 2]","QHD43416.1","Spike glycoprotein","P0DTC2","Severe acute respiratory syndrome coronavirus 2","Severe acute respiratory syndrome-related coronavirus","694009","","","","","","","","","","","",""
"1313901","Linear peptide","VNNTVYDPLQPELDS","","","1133","1147","","","Spike glycoprotein","P0DTC2.1","Spike glycoprotein","P0DTC2","Severe acute respiratory syndrome coronavirus 2","Severe acute respiratory syndrome-related coronavirus","694009","","","","","","","","","","","",""
"1313960","Linear peptide","WNRKRISNCVADYSV","","","353","367","","","surface glycoprotein [Severe acute respiratory syndrome coronavirus 2]","QHD43416.1","Spike glycoprotein","P0DTC2","Severe acute respiratory syndrome coronavirus 2","Severe acute respiratory syndrome-related coronavirus","694009","","","","","","","","","","","",""
"1313987","Linear peptide","YENQKLIANQFNSAI","","","917","931","","","surface glycoprotein [Severe acute respiratory syndrome coronavirus 2]","QHD43416.1","Spike glycoprotein","P0DTC2","Severe acute respiratory syndrome coronavirus 2","Severe acute respiratory syndrome-related coronavirus","694009","","","","","","","","","","","",""
"1314023","Linear peptide","YNYLYRLFRKSNLKP","","","449","463","","","Distinct conformational states of SARS-CoV-2 spike protein","6XR8_A","Spike glycoprotein","P0DTC2","Severe acute respiratory syndrome coronavirus 2","Severe acute respiratory syndrome-related coronavirus","694009","","","","","","","","","","","",""
"1329820","Linear peptide","NQNAQALNTLVKQLSSNFG","","","953","971","","","surface glycoprotein [Severe acute respiratory syndrome coronavirus 2]","QHD43416.1","Spike glycoprotein","P0DTC2","Severe acute respiratory syndrome coronavirus 2","Severe acute respiratory syndrome-related coronavirus","694009","The epitope sequence is a composite of 2 overlapping 15mers.","","","","","","","","","","",""
"1329990","Linear peptide","RDISTEIYQAGSTPCNGVEG","","","466","485","","","Spike glycoprotein","P0DTC2.1","Spike glycoprotein","P0DTC2","Severe acute respiratory syndrome coronavirus 2","Severe acute respiratory syndrome-related coronavirus","694009","","","","","","","","","","","",""
"1330284","Linear peptide","VGGNYNYLYRLFRKSNLKP","","","445","463","","","surface glycoprotein [Severe acute respiratory syndrome coronavirus 2]","QHD43416.1","Spike glycoprotein","P0DTC2","Severe acute respiratory syndrome coronavirus 2","Severe acute respiratory syndrome-related coronavirus","694009","The epitope sequence is a composite of 2 overlapping 15mers.","","","","","","","","","","",""
"1330361","Linear peptide","YENQKLIANQFNSAIGKIQ","","","917","935","","","surface glycoprotein [Severe acute respiratory syndrome coronavirus 2]","QHD43416.1","Spike glycoprotein","P0DTC2","Severe acute respiratory syndrome coronavirus 2","Severe acute respiratory syndrome-related coronavirus","694009","The epitope sequence is a composite of 2 overlapping 15mers.","","","","","","","","","","",""
"1332785","Linear peptide","MFVFLVLLPLVSS","","","1","13","","","surface glycoprotein [Severe acute respiratory syndrome coronavirus 2]","QHD43416.1","Spike glycoprotein","P0DTC2","Severe acute respiratory syndrome coronavirus 2","Severe acute respiratory syndrome-related coronavirus","694009","","","","","","","","","","","",""
"1354273","Linear peptide","GINITRFQTLLALHRSY","","","232","248","","","Spike glycoprotein","P0DTC2.1","Spike glycoprotein","P0DTC2","Severe acute respiratory syndrome coronavirus 2","Severe acute respiratory syndrome-related coronavirus","694009","","","","","","","","","","","",""
"1370489","Linear peptide","SKRSFIEDLLFNKVTLA","","","813","829","","","Spike glycoprotein","P0DTC2.1","Spike glycoprotein","P0DTC2","Severe acute respiratory syndrome coronavirus 2","Severe acute respiratory syndrome-related coronavirus","694009","","","","","","","","","","","",""
"1392288","Linear peptide","LSRLDKVEAEVQIDRLITGR","","","981","1000","","","Spike glycoprotein","P0DTC2.1","Spike glycoprotein","P0DTC2","Severe acute respiratory syndrome coronavirus 2","Severe acute respiratory syndrome-related coronavirus","694009","","","","","","","","","","","",""
"1410559","Linear peptide","ALQIPFAMQMAYRFNGIGV","","","893","911","","","surface glycoprotein [Severe acute respiratory syndrome coronavirus 2]","QHD43416.1","Spike glycoprotein","P0DTC2","Severe acute respiratory syndrome coronavirus 2","Severe acute respiratory syndrome-related coronavirus","694009","The epitope sequence is a composite of 2 overlapping 15mers.","","","","","","","","","","",""
"1432856","Linear peptide","FGGFNFSQILPDPSKPSKR","","","797","815","","","surface glycoprotein [Severe acute respiratory syndrome coronavirus 2]","QHD43416.1","Spike glycoprotein","P0DTC2","Severe acute respiratory syndrome coronavirus 2","Severe acute respiratory syndrome-related coronavirus","694009","The epitope sequence is a composite of 2 overlapping 15mers.","","","","","","","","","","",""
"1435610","Linear peptide","FQFCNDPFLGVYYHKNNK","","","133","150","","","surface glycoprotein [Severe acute respiratory syndrome coronavirus 2]","QHD43416.1","Spike glycoprotein","P0DTC2","Severe acute respiratory syndrome coronavirus 2","Severe acute respiratory syndrome-related coronavirus","694009","The epitope sequence is a composite of 2 overlapping 15mers.","","","","","","","","","","",""
"1436695","Linear peptide","FTGCVIAWNSNNLDSKVGG","","","429","447","","","surface glycoprotein [Severe acute respiratory syndrome coronavirus 2]","QHD43416.1","Spike glycoprotein","P0DTC2","Severe acute respiratory syndrome coronavirus 2","Severe acute respiratory syndrome-related coronavirus","694009","The epitope sequence is a composite of 2 overlapping 15mers.","","","","","","","","","","",""
"1437846","Linear peptide","FYEPQIITTDNTFVSGNCD","","","1109","1127","","","surface glycoprotein [Severe acute respiratory syndrome coronavirus 2]","QHD43416.1","Spike glycoprotein","P0DTC2","Severe acute respiratory syndrome coronavirus 2","Severe acute respiratory syndrome-related coronavirus","694009","The epitope sequence is a composite of 2 overlapping 15mers.","","","","","","","","","","",""
"1448898","Linear peptide","HWFVTQRNFYEPQIITTDN","","","1101","1119","","","surface glycoprotein [Severe acute respiratory syndrome coronavirus 2]","QHD43416.1","Spike glycoprotein","P0DTC2","Severe acute respiratory syndrome coronavirus 2","Severe acute respiratory syndrome-related coronavirus","694009","The epitope sequence is a composite of 2 overlapping 15mers.","","","","","","","","","","",""
"1462784","Linear peptide","KVCEFQFCNDPFLGVYYHK","","","129","147","","","surface glycoprotein [Severe acute respiratory syndrome coronavirus 2]","QHD43416.1","Spike glycoprotein","P0DTC2","Severe acute respiratory syndrome coronavirus 2","Severe acute respiratory syndrome-related coronavirus","694009","The epitope sequence is a composite of 2 overlapping 15mers.","","","","","","","","","","",""
"1465145","Linear peptide","LDSKVGGNYNYLYRLFRKS","","","441","459","","","surface glycoprotein [Severe acute respiratory syndrome coronavirus 2]","QHD43416.1","Spike glycoprotein","P0DTC2","Severe acute respiratory syndrome coronavirus 2","Severe acute respiratory syndrome-related coronavirus","694009","The epitope sequence is a composite of 2 overlapping 15mers.","","","","","","","","","","",""
"1471755","Linear peptide","LREFVFKNIDGYFKIYSKHTPINLVRD","","","189","215","","","surface glycoprotein [Severe acute respiratory syndrome coronavirus 2]","QHD43416.1","Spike glycoprotein","P0DTC2","Severe acute respiratory syndrome coronavirus 2","Severe acute respiratory syndrome-related coronavirus","694009","The epitope sequence is a composite of 4 overlapping 15mers.","","","","","","","","","","",""
"1479937","Linear peptide","NFSQILPDPSKPSKRSFIE","","","801","819","","","surface glycoprotein [Severe acute respiratory syndrome coronavirus 2]","QHD43416.1","Spike glycoprotein","P0DTC2","Severe acute respiratory syndrome coronavirus 2","Severe acute respiratory syndrome-related coronavirus","694009","The epitope sequence is a composite of 2 overlapping 15mers.","","","","","","","","","","",""
"1482748","Linear peptide","NNSYECDIPIGAGICASYQ","","","657","675","","","surface glycoprotein [Severe acute respiratory syndrome coronavirus 2]","QHD43416.1","Spike glycoprotein","P0DTC2","Severe acute respiratory syndrome coronavirus 2","Severe acute respiratory syndrome-related coronavirus","694009","The epitope sequence is a composite of 2 overlapping 15mers.","","","","","","","","","","",""
"1484768","Linear peptide","NVFQTRAGCLIGAEHVNNS","","","641","659","","","surface glycoprotein [Severe acute respiratory syndrome coronavirus 2]","QHD43416.1","Spike glycoprotein","P0DTC2","Severe acute respiratory syndrome coronavirus 2","Severe acute respiratory syndrome-related coronavirus","694009","The epitope sequence is a composite of 2 overlapping 15mers.","","","","","","","","","","",""
"1491922","Linear peptide","QDVNCTEVPVAIHADQLTP","","","613","631","","","surface glycoprotein [Severe acute respiratory syndrome coronavirus 2]","QHD43416.1","Spike glycoprotein","P0DTC2","Severe acute respiratory syndrome coronavirus 2","Severe acute respiratory syndrome-related coronavirus","694009","The epitope sequence is a composite of 2 overlapping 15mers.","","","","","","","","","","",""
"1498219","Linear peptide","RISNCVADYSVLYNSASFS","","","357","375","","","surface glycoprotein [Severe acute respiratory syndrome coronavirus 2]","QHD43416.1","Spike glycoprotein","P0DTC2","Severe acute respiratory syndrome coronavirus 2","Severe acute respiratory syndrome-related coronavirus","694009","The epitope sequence is a composite of 2 overlapping 15mers.","","","","","","","","","","",""
"1501129","Linear peptide","RVVVLSFELLHAPATVCGP","","","509","527","","","surface glycoprotein [Severe acute respiratory syndrome coronavirus 2]","QHD43416.1","Spike glycoprotein","P0DTC2","Severe acute respiratory syndrome coronavirus 2","Severe acute respiratory syndrome-related coronavirus","694009","The epitope sequence is a composite of 2 overlapping 15mers.","","","","","","","","","","",""
"1505853","Linear peptide","SKRSFIEDLLFNKVTLADA","","","813","831","","","surface glycoprotein [Severe acute respiratory syndrome coronavirus 2]","QHD43416.1","Spike glycoprotein","P0DTC2","Severe acute respiratory syndrome coronavirus 2","Severe acute respiratory syndrome-related coronavirus","694009","The epitope sequence is a composite of 2 overlapping 15mers.","","","","","","","","","","",""
"1508891","Linear peptide","SSANNCTFEYVSQPFLMDL","","","161","179","","","surface glycoprotein [Severe acute respiratory syndrome coronavirus 2]","QHD43416.1","Spike glycoprotein","P0DTC2","Severe acute respiratory syndrome coronavirus 2","Severe acute respiratory syndrome-related coronavirus","694009","The epitope sequence is a composite of 2 overlapping 15mers.","","","","","","","","","","",""
"1518044","Linear peptide","TQLNRALTGIAVEQDKNTQ","","","761","779","","","surface glycoprotein [Severe acute respiratory syndrome coronavirus 2]","QHD43416.1","Spike glycoprotein","P0DTC2","Severe acute respiratory syndrome coronavirus 2","Severe acute respiratory syndrome-related coronavirus","694009","The epitope sequence is a composite of 2 overlapping 15mers.","","","","","","","","","","",""
"1518045","Linear peptide","TQLNRALTGIAVEQDKNTQEVFA","","","761","783","","","surface glycoprotein [Severe acute respiratory syndrome coronavirus 2]","QHD43416.1","Spike glycoprotein","P0DTC2","Severe acute respiratory syndrome coronavirus 2","Severe acute respiratory syndrome-related coronavirus","694009","The epitope sequence is a composite of 3 overlapping 15mers.","","","","","","","","","","",""
"1518321","Linear peptide","TRFASVYAWNRKRISNCVA","","","345","363","","","surface glycoprotein [Severe acute respiratory syndrome coronavirus 2]","QHD43416.1","Spike glycoprotein","P0DTC2","Severe acute respiratory syndrome coronavirus 2","Severe acute respiratory syndrome-related coronavirus","694009","The epitope sequence is a composite of 2 overlapping 15mers.","","","","","","","","","","",""
"1518322","Linear peptide","TRFASVYAWNRKRISNCVADYSVLYNS","","","345","371","","","surface glycoprotein [Severe acute respiratory syndrome coronavirus 2]","QHD43416.1","Spike glycoprotein","P0DTC2","Severe acute respiratory syndrome coronavirus 2","Severe acute respiratory syndrome-related coronavirus","694009","The epitope sequence is a composite of 4 overlapping 15mers.","","","","","","","","","","",""
"1532692","Linear peptide","WNRKRISNCVADYSVLYNS","","","353","371","","","surface glycoprotein [Severe acute respiratory syndrome coronavirus 2]","QHD43416.1","Spike glycoprotein","P0DTC2","Severe acute respiratory syndrome coronavirus 2","Severe acute respiratory syndrome-related coronavirus","694009","The epitope sequence is a composite of 2 overlapping 15mers.","","","","","","","","","","",""
"1537200","Linear peptide","YQTSNFRVQPTESIVRFPN","","","313","331","","","surface glycoprotein [Severe acute respiratory syndrome coronavirus 2]","QHD43416.1","Spike glycoprotein","P0DTC2","Severe acute respiratory syndrome coronavirus 2","Severe acute respiratory syndrome-related coronavirus","694009","The epitope sequence is a composite of 2 overlapping 15mers.","","","","","","","","","","",""
"1539742","Linear peptide","CPFGEVFNATRFASVYAWNR","","","336","355","","","Spike glycoprotein","P0DTC2.1","Spike glycoprotein","P0DTC2","Severe acute respiratory syndrome coronavirus 2","Severe acute respiratory syndrome-related coronavirus","694009","","","","","","","","","","","",""
"1540107","Linear peptide","ELLHAPATVCGPKKSTNLVK","","","516","535","","","Spike glycoprotein","P0DTC2.1","Spike glycoprotein","P0DTC2","Severe acute respiratory syndrome coronavirus 2","Severe acute respiratory syndrome-related coronavirus","694009","","","","","","","","","","","",""
"1540176","Linear peptide","EVRQIAPGQTGKIADYNYKL","","","406","425","","","Spike glycoprotein","P0DTC2.1","Spike glycoprotein","P0DTC2","Severe acute respiratory syndrome coronavirus 2","Severe acute respiratory syndrome-related coronavirus","694009","","","","","","","","","","","",""
"1540297","Linear peptide","FNCYFPLQSYGFQPTNGVGY","","","486","505","","","Spike glycoprotein","P0DTC2.1","Spike glycoprotein","P0DTC2","Severe acute respiratory syndrome coronavirus 2","Severe acute respiratory syndrome-related coronavirus","694009","","","","","","","","","","","",""
"1540323","Linear peptide","FRKSNLKPFERDISTEIYQA","","","456","475","","","Spike glycoprotein","P0DTC2.1","Spike glycoprotein","P0DTC2","Severe acute respiratory syndrome coronavirus 2","Severe acute respiratory syndrome-related coronavirus","694009","","","","","","","","","","","",""
"1540449","Linear peptide","GFQPTNGVGYQPYRVVVLSF","","","496","515","","","Spike glycoprotein","P0DTC2.1","Spike glycoprotein","P0DTC2","Severe acute respiratory syndrome coronavirus 2","Severe acute respiratory syndrome-related coronavirus","694009","","","","","","","","","","","",""
"1540464","Linear peptide","GGNYNYLYRLFRKSNLKPFE","","","446","465","","","Spike glycoprotein","P0DTC2.1","Spike glycoprotein","P0DTC2","Severe acute respiratory syndrome coronavirus 2","Severe acute respiratory syndrome-related coronavirus","694009","","","","","","","","","","","",""
"1540496","Linear peptide","GKIADYNYKLPDDFTGCVIA","","","416","435","","","Spike glycoprotein","P0DTC2.1","Spike glycoprotein","P0DTC2","Severe acute respiratory syndrome coronavirus 2","Severe acute respiratory syndrome-related coronavirus","694009","","","","","","","","","","","",""
"1540546","Linear peptide","GPKKSTNLVKNKCVNFNFNG","","","526","545","","","Spike glycoprotein","P0DTC2.1","Spike glycoprotein","P0DTC2","Severe acute respiratory syndrome coronavirus 2","Severe acute respiratory syndrome-related coronavirus","694009","","","","","","","","","","","",""
"1540593","Linear peptide","GSTPCNGVEGFNCYFPLQSY","","","476","495","","","Spike glycoprotein","P0DTC2.1","Spike glycoprotein","P0DTC2","Severe acute respiratory syndrome coronavirus 2","Severe acute respiratory syndrome-related coronavirus","694009","","","","","","","","","","","",""
"1541057","Linear peptide","KLNDLCFTNVYADSFVIRGD","","","386","405","","","Spike glycoprotein","P0DTC2.1","Spike glycoprotein","P0DTC2","Severe acute respiratory syndrome coronavirus 2","Severe acute respiratory syndrome-related coronavirus","694009","","","","","","","","","","","",""
"1541116","Linear peptide","KRISNCVADYSVLYNSASFS","","","356","375","","","Spike glycoprotein","P0DTC2.1","Spike glycoprotein","P0DTC2","Severe acute respiratory syndrome coronavirus 2","Severe acute respiratory syndrome-related coronavirus","694009","","","","","","","","","","","",""
"1541817","Linear peptide","NRKRISNCVAD","","","354","364","","","Spike glycoprotein","P0DTC2.1","Spike glycoprotein","P0DTC2","Severe acute respiratory syndrome coronavirus 2","Severe acute respiratory syndrome-related coronavirus","694009","","","","","","","","","","","",""
"1541908","Linear peptide","PDDFTGCVIAWNSNNLDSKV","","","426","445","","","Spike glycoprotein","P0DTC2.1","Spike glycoprotein","P0DTC2","Severe acute respiratory syndrome coronavirus 2","Severe acute respiratory syndrome-related coronavirus","694009","","","","","","","","","","","",""
"1542166","Linear peptide","QPYRVVVLSFELLHAPATVC","","","506","525","","","Spike glycoprotein","P0DTC2.1","Spike glycoprotein","P0DTC2","Severe acute respiratory syndrome coronavirus 2","Severe acute respiratory syndrome-related coronavirus","694009","","","","","","","","","","","",""
"1542248","Linear peptide","RFASVYAWNRKR","","","346","357","","","Spike glycoprotein","P0DTC2.1","Spike glycoprotein","P0DTC2","Severe acute respiratory syndrome coronavirus 2","Severe acute respiratory syndrome-related coronavirus","694009","","","","","","","","","","","",""
"1542282","Linear peptide","RKRISNCVAD","","","355","364","","","Spike glycoprotein","P0DTC2.1","Spike glycoprotein","P0DTC2","Severe acute respiratory syndrome coronavirus 2","Severe acute respiratory syndrome-related coronavirus","694009","","","","","","","","","","","",""
"1542532","Linear peptide","SNFRVQPTESIVRFPNITNL","","","316","335","","","Spike glycoprotein","P0DTC2.1","Spike glycoprotein","P0DTC2","Severe acute respiratory syndrome coronavirus 2","Severe acute respiratory syndrome-related coronavirus","694009","","","","","","","","","","","",""
"1542626","Linear peptide","SVLYNSASFSTFKCYGVSPT","","","366","385","","","Spike glycoprotein","P0DTC2.1","Spike glycoprotein","P0DTC2","Severe acute respiratory syndrome coronavirus 2","Severe acute respiratory syndrome-related coronavirus","694009","","","","","","","","","","","",""
"1542737","Linear peptide","TFKCYGVSPTKLNDLCFTNV","","","376","395","","","Spike glycoprotein","P0DTC2.1","Spike glycoprotein","P0DTC2","Severe acute respiratory syndrome coronavirus 2","Severe acute respiratory syndrome-related coronavirus","694009","","","","","","","","","","","",""
"1543315","Linear peptide","VYAWNRKRIS","","","350","359","","","Spike glycoprotein","P0DTC2.1","Spike glycoprotein","P0DTC2","Severe acute respiratory syndrome coronavirus 2","Severe acute respiratory syndrome-related coronavirus","694009","","","","","","","","","","","",""
"1543369","Linear peptide","WNSNNLDSKVGGNYNYLYRL","","","436","455","","","Spike glycoprotein","P0DTC2.1","Spike glycoprotein","P0DTC2","Severe acute respiratory syndrome coronavirus 2","Severe acute respiratory syndrome-related coronavirus","694009","","","","","","","","","","","",""
"1543393","Linear peptide","YADSFVIRGDEVRQIAPGQT","","","396","415","","","Spike glycoprotein","P0DTC2.1","Spike glycoprotein","P0DTC2","Severe acute respiratory syndrome coronavirus 2","Severe acute respiratory syndrome-related coronavirus","694009","","","","","","","","","","","",""
"1584233","Linear peptide","QLIRAAEIRASANLAATKM","","","1011","1029","","","surface glycoprotein [Severe acute respiratory syndrome coronavirus 2]","QHD43416.1","Spike glycoprotein","P0DTC2","Severe acute respiratory syndrome coronavirus 2","Severe acute respiratory syndrome-related coronavirus","694009","","","","","","","","","","","",""
