Seq #,Peptide start,Peptide end,Peptide,Percentile rank,Allele
1,2,10,RVRGILRNW,0.01,HLA-A*32:01
1,397,405,KIKQIINMW,0.01,HLA-A*32:01
1,198,206,SFDPIPIHY,0.01,HLA-A*30:02
1,297,305,RIGPGQVFY,0.01,HLA-A*30:02
1,784,792,KYLGSLVQY,0.01,HLA-A*30:02
1,335,343,KLKEHFQNK,0.01,HLA-A*30:01
1,568,576,RYLKDQQLL,0.01,HLA-A*24:02
1,620,628,NYTDIIYTL,0.01,HLA-A*23:01
1,60,68,YEKEVHNVW,0.01,HLA-B*44:02
1,335,343,KLKEHFQNK,0.01,HLA-A*03:01
1,818,826,RLIEGLQGI,0.01,HLA-A*02:06
1,620,628,NYTDIIYTL,0.01,HLA-A*24:02
1,30,38,EENSWVTVY,0.01,HLA-B*44:02
1,60,68,YEKEVHNVW,0.01,HLA-B*44:03
1,818,826,RLIEGLQGI,0.01,HLA-A*02:01
1,818,826,RLIEGLQGI,0.01,HLA-A*02:03
1,30,38,EENSWVTVY,0.01,HLA-B*44:03
1,36,44,TVYYGVPVW,0.02,HLA-A*32:01
1,271,279,KTIIVHLNK,0.02,HLA-A*30:01
1,157,165,KTQKVNALF,0.02,HLA-A*32:01
1,369,377,FYCNTSNLF,0.02,HLA-A*24:02
1,271,279,KTIIVHLNK,0.02,HLA-A*11:01
1,568,576,RYLKDQQLL,0.02,HLA-A*23:01
1,765,773,AELLGRSSL,0.02,HLA-B*40:01
1,153,161,ELRDKTQKV,0.03,HLA-B*08:01
1,369,377,FYCNTSNLF,0.03,HLA-A*23:01
1,191,199,TQACPKVSF,0.03,HLA-B*15:01
1,158,166,TQKVNALFY,0.03,HLA-B*15:01
1,692,700,RQGYSPLSF,0.03,HLA-B*15:01
1,271,279,KTIIVHLNK,0.03,HLA-A*03:01
1,157,165,KTQKVNALF,0.03,HLA-B*58:01
1,2,10,RVRGILRNW,0.03,HLA-B*57:01
1,397,405,KIKQIINMW,0.03,HLA-B*57:01
1,727,735,RSIRLVSGF,0.04,HLA-A*32:01
1,690,698,RVRQGYSPL,0.04,HLA-A*30:01
1,305,313,YTNEIIGNI,0.04,HLA-A*68:02
1,483,491,KAKRRVVER,0.04,HLA-A*31:01
1,833,841,IPRRIRQGF,0.04,HLA-B*07:02
1,589,597,TAVHWNSSW,0.04,HLA-B*58:01
1,157,165,KTQKVNALF,0.04,HLA-B*57:01
1,772,780,SLRGLQTGW,0.05,HLA-A*32:01
1,589,597,TAVHWNSSW,0.05,HLA-B*53:01
1,102,110,QMHEDIIGL,0.05,HLA-A*02:01
1,241,249,KPVVSTQLL,0.05,HLA-B*07:02
1,690,698,RVRQGYSPL,0.05,HLA-B*07:02
1,732,740,VSGFLALVW,0.05,HLA-B*58:01
1,339,347,HFQNKTIEF,0.06,HLA-A*24:02
1,823,831,LQGIGRAIY,0.06,HLA-B*15:01
1,279,287,KSVAIVCTR,0.06,HLA-A*31:01
1,335,343,KLKEHFQNK,0.06,HLA-A*31:01
1,198,206,SFDPIPIHY,0.06,HLA-A*01:01
1,188,196,STITQACPK,0.06,HLA-A*11:01
1,394,402,LPCKIKQII,0.07,HLA-B*51:01
1,766,774,ELLGRSSLR,0.07,HLA-A*33:01
1,339,347,HFQNKTIEF,0.07,HLA-A*23:01
1,784,792,KYLGSLVQY,0.07,HLA-A*23:01
1,603,611,DYIWGNMTW,0.07,HLA-A*24:02
1,102,110,QMHEDIIGL,0.07,HLA-A*02:03
1,120,128,KLTPLCVTL,0.07,HLA-A*02:01
1,397,405,KIKQIINMW,0.07,HLA-B*58:01
1,732,740,VSGFLALVW,0.07,HLA-B*57:01
1,727,735,RSIRLVSGF,0.07,HLA-B*57:01
1,679,687,RIILGVLSI,0.08,HLA-A*32:01
1,77,85,DPSPQELVL,0.08,HLA-B*53:01
1,258,266,EIIIRSENL,0.08,HLA-B*08:01
1,269,277,NAKTIIVHL,0.08,HLA-B*08:01
1,158,166,TQKVNALFY,0.08,HLA-A*30:02
1,796,804,ELKKSAINL,0.08,HLA-B*08:01
1,386,394,DANNNTITL,0.08,HLA-B*51:01
1,558,566,QLQARVLAI,0.08,HLA-B*08:01
1,603,611,DYIWGNMTW,0.08,HLA-A*23:01
1,803,811,NLFDTTAIV,0.08,HLA-A*02:03
1,777,785,QTGWQALKY,0.08,HLA-A*01:01
1,727,735,RSIRLVSGF,0.08,HLA-B*58:01
1,589,597,TAVHWNSSW,0.08,HLA-B*57:01
1,692,700,RQGYSPLSF,0.09,HLA-A*32:01
1,753,761,RLRDFILIA,0.09,HLA-A*30:01
1,765,773,AELLGRSSL,0.09,HLA-B*44:02
1,738,746,LVWEDLRSL,0.09,HLA-A*02:06
1,102,110,QMHEDIIGL,0.09,HLA-A*02:06
1,54,62,ASDAKAYEK,0.09,HLA-A*11:01
1,116,124,KPCVKLTPL,0.09,HLA-B*07:02
1,36,44,TVYYGVPVW,0.09,HLA-B*58:01
1,785,793,YLGSLVQYW,0.1,HLA-A*32:01
1,818,826,RLIEGLQGI,0.1,HLA-A*32:01
1,483,491,KAKRRVVER,0.1,HLA-A*30:01
1,36,44,TVYYGVPVW,0.1,HLA-B*53:01
1,87,95,NVTESFNMW,0.1,HLA-B*53:01
1,413,421,YAPPIAGNI,0.1,HLA-B*51:01
1,77,85,DPSPQELVL,0.1,HLA-B*51:01
1,784,792,KYLGSLVQY,0.1,HLA-A*24:02
1,77,85,DPSPQELVL,0.1,HLA-B*35:01
1,95,103,WENDMVDQM,0.1,HLA-B*40:01
1,317,325,HCNISRELW,0.1,HLA-B*58:01
1,5,13,GILRNWPQW,0.11,HLA-A*32:01
1,6,14,ILRNWPQWW,0.11,HLA-A*32:01
1,297,305,RIGPGQVFY,0.11,HLA-A*32:01
1,156,164,DKTQKVNAL,0.11,HLA-B*08:01
1,308,316,EIIGNIRQA,0.11,HLA-A*68:02
1,276,284,HLNKSVAIV,0.11,HLA-A*02:03
1,670,678,MIVGGLIGL,0.11,HLA-A*02:06
1,828,836,RAIYNIPRR,0.11,HLA-A*31:01
1,120,128,KLTPLCVTL,0.12,HLA-A*32:01
1,562,570,RVLAIERYL,0.12,HLA-A*32:01
1,543,551,EAQQHMLQL,0.12,HLA-B*08:01
1,147,155,SFNATTELR,0.12,HLA-A*33:01
1,660,668,KWLWYIKIF,0.12,HLA-A*23:01
1,297,305,RIGPGQVFY,0.12,HLA-B*15:01
1,765,773,AELLGRSSL,0.12,HLA-B*44:03
1,785,793,YLGSLVQYW,0.12,HLA-B*58:01
1,36,44,TVYYGVPVW,0.12,HLA-B*57:01
1,730,738,RLVSGFLAL,0.13,HLA-A*32:01
1,836,844,RIRQGFEAA,0.13,HLA-A*30:01
1,56,64,DAKAYEKEV,0.13,HLA-B*51:01
1,198,206,SFDPIPIHY,0.13,HLA-B*35:01
1,120,128,KLTPLCVTL,0.13,HLA-A*02:06
1,803,811,NLFDTTAIV,0.13,HLA-A*02:01
1,31,39,ENSWVTVYY,0.14,HLA-A*26:01
1,731,739,LVSGFLALV,0.14,HLA-A*68:02
1,731,739,LVSGFLALV,0.14,HLA-A*02:06
1,167,175,RSDIVPLEK,0.14,HLA-A*11:01
1,636,644,QEKNEKDLL,0.14,HLA-B*40:01
1,2,10,RVRGILRNW,0.14,HLA-B*58:01
1,829,837,AIYNIPRRI,0.15,HLA-A*32:01
1,645,653,ALDSWNNLW,0.15,HLA-A*32:01
1,63,71,EVHNVWATH,0.15,HLA-A*26:01
1,44,52,WTEAKTTLF,0.15,HLA-A*01:01
1,730,738,RLVSGFLAL,0.15,HLA-A*02:03
1,753,761,RLRDFILIA,0.15,HLA-A*02:03
1,343,351,KTIEFQPPA,0.15,HLA-A*02:06
1,480,488,APTKAKRRV,0.15,HLA-B*07:02
1,478,486,GIAPTKAKR,0.15,HLA-A*31:01
1,29,37,GEENSWVTV,0.15,HLA-B*40:01
1,317,325,HCNISRELW,0.15,HLA-B*57:01
1,777,785,QTGWQALKY,0.16,HLA-A*30:02
1,621,629,YTDIIYTLL,0.16,HLA-A*01:01
1,730,738,RLVSGFLAL,0.16,HLA-A*02:06
1,683,691,GVLSIVKRV,0.16,HLA-A*02:06
1,730,738,RLVSGFLAL,0.16,HLA-A*02:01
1,426,434,SITGLLLTR,0.16,HLA-A*31:01
1,585,593,LICTTAVHW,0.16,HLA-B*58:01
1,585,593,LICTTAVHW,0.16,HLA-B*57:01
1,198,206,SFDPIPIHY,0.17,HLA-B*53:01
1,687,695,IVKRVRQGY,0.17,HLA-A*30:02
1,721,729,GEQDKDRSI,0.17,HLA-B*44:02
1,386,394,DANNNTITL,0.17,HLA-B*35:01
1,687,695,IVKRVRQGY,0.17,HLA-B*15:01
1,337,345,KEHFQNKTI,0.17,HLA-B*40:01
1,721,729,GEQDKDRSI,0.17,HLA-B*40:01
1,339,347,HFQNKTIEF,0.18,HLA-B*08:01
1,269,277,NAKTIIVHL,0.18,HLA-B*51:01
1,172,180,PLEKNSSEY,0.18,HLA-A*01:01
1,466,474,LYKYKVVEI,0.18,HLA-A*24:02
1,120,128,KLTPLCVTL,0.18,HLA-A*02:03
1,253,261,SLAEGEIII,0.18,HLA-A*02:01
1,647,655,DSWNNLWNW,0.19,HLA-B*53:01
1,198,206,SFDPIPIHY,0.19,HLA-A*23:01
1,648,656,SWNNLWNWF,0.19,HLA-A*24:02
1,52,60,FCASDAKAY,0.19,HLA-B*35:01
1,621,629,YTDIIYTLL,0.19,HLA-A*02:06
1,285,293,CTRPNNNTR,0.19,HLA-A*31:01
1,271,279,KTIIVHLNK,0.19,HLA-A*31:01
1,647,655,DSWNNLWNW,0.19,HLA-B*57:01
1,8,16,RNWPQWWIW,0.19,HLA-B*57:01
1,426,434,SITGLLLTR,0.19,HLA-A*68:01
1,8,16,RNWPQWWIW,0.2,HLA-A*32:01
1,747,755,CLFSYHRLR,0.2,HLA-A*33:01
1,670,678,MIVGGLIGL,0.2,HLA-A*68:02
1,198,206,SFDPIPIHY,0.2,HLA-A*24:02
1,514,522,GAASITLTV,0.2,HLA-A*02:06
1,297,305,RIGPGQVFY,0.2,HLA-A*03:01
1,8,16,RNWPQWWIW,0.2,HLA-B*58:01
1,647,655,DSWNNLWNW,0.2,HLA-B*58:01
1,785,793,YLGSLVQYW,0.2,HLA-B*57:01
1,785,793,YLGSLVQYW,0.21,HLA-B*53:01
1,648,656,SWNNLWNWF,0.21,HLA-A*23:01
1,567,575,ERYLKDQQL,0.21,HLA-B*08:01
1,426,434,SITGLLLTR,0.21,HLA-A*33:01
1,660,668,KWLWYIKIF,0.21,HLA-A*24:02
1,232,240,STVQCTHGI,0.21,HLA-A*68:02
1,337,345,KEHFQNKTI,0.21,HLA-B*44:02
1,253,261,SLAEGEIII,0.21,HLA-A*02:03
1,745,753,SLCLFSYHR,0.21,HLA-A*31:01
1,87,95,NVTESFNMW,0.21,HLA-B*58:01
1,466,474,LYKYKVVEI,0.22,HLA-A*23:01
1,390,398,NTITLPCKI,0.22,HLA-A*68:02
1,269,277,NAKTIIVHL,0.22,HLA-A*68:02
1,747,755,CLFSYHRLR,0.22,HLA-A*31:01
1,540,548,RAIEAQQHM,0.22,HLA-B*58:01
1,327,335,NTLEQVKKK,0.22,HLA-A*68:01
1,833,841,IPRRIRQGF,0.23,HLA-B*08:01
1,43,51,VWTEAKTTL,0.23,HLA-A*24:02
1,829,837,AIYNIPRRI,0.23,HLA-A*02:03
1,790,798,VQYWGLELK,0.23,HLA-A*11:01
1,297,305,RIGPGQVFY,0.24,HLA-A*01:01
1,514,522,GAASITLTV,0.24,HLA-A*68:02
1,153,161,ELRDKTQKV,0.24,HLA-A*02:03
1,731,739,LVSGFLALV,0.24,HLA-A*02:03
1,314,322,RQAHCNISR,0.24,HLA-A*31:01
1,5,13,GILRNWPQW,0.24,HLA-B*57:01
1,26,34,ICRGEENSW,0.24,HLA-B*57:01
1,543,551,EAQQHMLQL,0.25,HLA-A*26:01
1,337,345,KEHFQNKTI,0.25,HLA-B*44:03
1,721,729,GEQDKDRSI,0.25,HLA-B*44:03
1,740,748,WEDLRSLCL,0.25,HLA-B*40:01
1,616,624,REINNYTDI,0.25,HLA-B*40:01
1,335,343,KLKEHFQNK,0.25,HLA-A*11:01
1,167,175,RSDIVPLEK,0.25,HLA-A*03:01
1,784,792,KYLGSLVQY,0.26,HLA-A*32:01
1,759,767,LIAGRAAEL,0.26,HLA-B*08:01
1,738,746,LVWEDLRSL,0.26,HLA-A*02:01
1,327,335,NTLEQVKKK,0.26,HLA-A*11:01
1,297,305,RIGPGQVFY,0.26,HLA-A*11:01
1,645,653,ALDSWNNLW,0.26,HLA-B*58:01
1,43,51,VWTEAKTTL,0.27,HLA-A*23:01
1,75,83,PTDPSPQEL,0.27,HLA-A*01:01
1,405,413,WQEVGRAMY,0.27,HLA-B*15:01
1,790,798,VQYWGLELK,0.27,HLA-A*03:01
1,147,155,SFNATTELR,0.27,HLA-A*31:01
1,6,14,ILRNWPQWW,0.27,HLA-B*57:01
1,386,394,DANNNTITL,0.28,HLA-B*53:01
1,571,579,KDQQLLGLW,0.28,HLA-B*44:02
1,444,452,NNNDTEIFR,0.28,HLA-A*33:01
1,258,266,EIIIRSENL,0.28,HLA-A*68:02
1,163,171,ALFYRSDIV,0.28,HLA-A*02:03
1,782,790,ALKYLGSLV,0.28,HLA-A*02:03
1,36,44,TVYYGVPVW,0.29,HLA-A*26:01
1,589,597,TAVHWNSSW,0.29,HLA-A*32:01
1,655,663,WFSITKWLW,0.29,HLA-A*23:01
1,157,165,KTQKVNALF,0.29,HLA-A*30:02
1,285,293,CTRPNNNTR,0.29,HLA-A*33:01
1,745,753,SLCLFSYHR,0.29,HLA-A*33:01
1,543,551,EAQQHMLQL,0.29,HLA-B*51:01
1,683,691,GVLSIVKRV,0.29,HLA-A*02:03
1,670,678,MIVGGLIGL,0.29,HLA-A*02:01
1,426,434,SITGLLLTR,0.29,HLA-A*11:01
1,26,34,ICRGEENSW,0.29,HLA-B*58:01
1,5,13,GILRNWPQW,0.29,HLA-B*58:01
1,466,474,LYKYKVVEI,0.3,HLA-B*08:01
1,750,758,SYHRLRDFI,0.3,HLA-A*24:02
1,670,678,MIVGGLIGL,0.3,HLA-A*02:03
1,803,811,NLFDTTAIV,0.3,HLA-A*02:06
1,308,316,EIIGNIRQA,0.31,HLA-A*26:01
1,30,38,EENSWVTVY,0.31,HLA-A*26:01
1,198,206,SFDPIPIHY,0.31,HLA-A*26:01
1,656,664,FSITKWLWY,0.31,HLA-A*01:01
1,343,351,KTIEFQPPA,0.31,HLA-A*30:01
1,636,644,QEKNEKDLL,0.31,HLA-B*44:02
1,386,394,DANNNTITL,0.31,HLA-A*68:02
1,560,568,QARVLAIER,0.31,HLA-A*33:01
1,214,222,ILKCNNKTF,0.31,HLA-B*15:01
1,772,780,SLRGLQTGW,0.31,HLA-B*57:01
1,517,525,SITLTVQAR,0.31,HLA-A*68:01
1,585,593,LICTTAVHW,0.32,HLA-B*53:01
1,59,67,AYEKEVHNV,0.32,HLA-A*24:02
1,823,831,LQGIGRAIY,0.32,HLA-A*30:02
1,540,548,RAIEAQQHM,0.32,HLA-B*35:01
1,680,688,IILGVLSIV,0.32,HLA-A*02:06
1,684,692,VLSIVKRVR,0.32,HLA-A*31:01
1,585,593,LICTTAVHW,0.33,HLA-A*32:01
1,751,759,YHRLRDFIL,0.33,HLA-B*08:01
1,116,124,KPCVKLTPL,0.33,HLA-B*08:01
1,87,95,NVTESFNMW,0.33,HLA-B*57:01
1,241,249,KPVVSTQLL,0.34,HLA-B*53:01
1,60,68,YEKEVHNVW,0.34,HLA-B*53:01
1,2,10,RVRGILRNW,0.34,HLA-A*30:01
1,621,629,YTDIIYTLL,0.34,HLA-A*68:02
1,66,74,NVWATHACV,0.34,HLA-A*68:02
1,636,644,QEKNEKDLL,0.34,HLA-B*44:03
1,501,509,VLLGFLGTA,0.34,HLA-A*02:03
1,811,819,VVAEGTDRL,0.34,HLA-A*02:06
1,657,665,SITKWLWYI,0.34,HLA-A*02:06
1,87,95,NVTESFNMW,0.35,HLA-A*26:01
1,198,206,SFDPIPIHY,0.35,HLA-A*32:01
1,165,173,FYRSDIVPL,0.35,HLA-A*23:01
1,165,173,FYRSDIVPL,0.35,HLA-A*24:02
1,655,663,WFSITKWLW,0.35,HLA-A*24:02
1,830,838,IYNIPRRIR,0.35,HLA-A*33:01
1,830,838,IYNIPRRIR,0.35,HLA-A*31:01
1,687,695,IVKRVRQGY,0.36,HLA-A*26:01
1,785,793,YLGSLVQYW,0.36,HLA-A*23:01
1,663,671,WYIKIFIMI,0.36,HLA-A*23:01
1,157,165,KTQKVNALF,0.36,HLA-A*23:01
1,84,92,VLENVTESF,0.36,HLA-B*15:01
1,738,746,LVWEDLRSL,0.37,HLA-A*32:01
1,811,819,VVAEGTDRL,0.37,HLA-A*68:02
1,95,103,WENDMVDQM,0.37,HLA-B*44:03
1,354,362,DLEVTTHSF,0.37,HLA-B*35:01
1,198,206,SFDPIPIHY,0.37,HLA-B*58:01
1,305,313,YTNEIIGNI,0.38,HLA-A*26:01
1,692,700,RQGYSPLSF,0.38,HLA-A*30:02
1,690,698,RVRQGYSPL,0.39,HLA-A*32:01
1,361,369,SFNCRGEFF,0.39,HLA-A*24:02
1,77,85,DPSPQELVL,0.39,HLA-B*08:01
1,562,570,RVLAIERYL,0.39,HLA-A*30:01
1,731,739,LVSGFLALV,0.39,HLA-A*02:01
1,777,785,QTGWQALKY,0.4,HLA-A*26:01
1,157,165,KTQKVNALF,0.4,HLA-A*24:02
1,803,811,NLFDTTAIV,0.4,HLA-A*68:02
1,60,68,YEKEVHNVW,0.4,HLA-B*40:01
1,683,691,GVLSIVKRV,0.4,HLA-A*02:01
1,540,548,RAIEAQQHM,0.4,HLA-B*15:01
1,188,196,STITQACPK,0.4,HLA-A*03:01
1,603,611,DYIWGNMTW,0.41,HLA-B*53:01
1,517,525,SITLTVQAR,0.41,HLA-A*33:01
1,772,780,SLRGLQTGW,0.41,HLA-B*58:01
1,656,664,FSITKWLWY,0.42,HLA-A*26:01
1,543,551,EAQQHMLQL,0.42,HLA-A*68:02
1,658,666,ITKWLWYIK,0.42,HLA-A*30:01
1,188,196,STITQACPK,0.42,HLA-A*30:01
1,674,682,GLIGLRIIL,0.42,HLA-A*02:01
1,297,305,RIGPGQVFY,0.42,HLA-B*58:01
1,285,293,CTRPNNNTR,0.42,HLA-A*68:01
1,750,758,SYHRLRDFI,0.43,HLA-A*23:01
1,59,67,AYEKEVHNV,0.43,HLA-A*23:01
1,610,618,TWMQWDREI,0.43,HLA-A*24:02
1,405,413,WQEVGRAMY,0.43,HLA-A*01:01
1,571,579,KDQQLLGLW,0.43,HLA-B*44:03
1,297,305,RIGPGQVFY,0.43,HLA-A*30:01
1,6,14,ILRNWPQWW,0.43,HLA-B*58:01
1,730,738,RLVSGFLAL,0.43,HLA-B*15:01
1,532,540,VQQQSNLLR,0.43,HLA-A*31:01
1,766,774,ELLGRSSLR,0.43,HLA-A*68:01
1,196,204,KVSFDPIPI,0.44,HLA-A*32:01
1,610,618,TWMQWDREI,0.44,HLA-A*23:01
1,663,671,WYIKIFIMI,0.44,HLA-A*24:02
1,354,362,DLEVTTHSF,0.44,HLA-B*08:01
1,828,836,RAIYNIPRR,0.44,HLA-A*30:01
1,20,28,GFWMIIICR,0.44,HLA-A*33:01
1,173,181,LEKNSSEYI,0.44,HLA-B*40:01
1,188,196,STITQACPK,0.44,HLA-A*68:01
1,641,649,KDLLALDSW,0.45,HLA-B*44:02
1,784,792,KYLGSLVQY,0.45,HLA-A*30:01
1,514,522,GAASITLTV,0.45,HLA-A*02:03
1,501,509,VLLGFLGTA,0.45,HLA-A*02:01
1,253,261,SLAEGEIII,0.45,HLA-A*02:06
1,540,548,RAIEAQQHM,0.45,HLA-B*57:01
1,84,92,VLENVTESF,0.46,HLA-A*32:01
1,695,703,YSPLSFQTL,0.46,HLA-A*24:02
1,113,121,ESLKPCVKL,0.46,HLA-A*68:02
1,483,491,KAKRRVVER,0.46,HLA-A*33:01
1,555,563,GIKQLQARV,0.46,HLA-A*02:03
1,478,486,GIAPTKAKR,0.46,HLA-A*68:01
1,13,21,WWIWGILGF,0.47,HLA-A*23:01
1,95,103,WENDMVDQM,0.47,HLA-B*44:02
1,785,793,YLGSLVQYW,0.47,HLA-A*24:02
1,35,43,VTVYYGVPV,0.47,HLA-A*68:02
1,494,502,RAVGLGAVL,0.47,HLA-B*07:02
1,545,553,QQHMLQLTV,0.47,HLA-A*02:06
1,645,653,ALDSWNNLW,0.47,HLA-B*57:01
1,749,757,FSYHRLRDF,0.47,HLA-B*57:01
1,670,678,MIVGGLIGL,0.48,HLA-A*26:01
1,657,665,SITKWLWYI,0.48,HLA-A*32:01
1,394,402,LPCKIKQII,0.48,HLA-B*53:01
1,400,408,QIINMWQEV,0.48,HLA-A*68:02
1,197,205,VSFDPIPIH,0.48,HLA-A*30:02
1,305,313,YTNEIIGNI,0.48,HLA-A*02:03
1,598,606,SNKSQDYIW,0.48,HLA-B*58:01
1,305,313,YTNEIIGNI,0.48,HLA-A*02:06
1,563,571,VLAIERYLK,0.48,HLA-A*03:01
1,361,369,SFNCRGEFF,0.49,HLA-A*23:01
1,461,469,NWRSELYKY,0.49,HLA-A*30:02
1,77,85,DPSPQELVL,0.49,HLA-B*07:02
1,680,688,IILGVLSIV,0.49,HLA-A*02:03
1,400,408,QIINMWQEV,0.49,HLA-A*02:06
1,727,735,RSIRLVSGF,0.49,HLA-B*15:01
1,103,111,MHEDIIGLW,0.5,HLA-B*53:01
1,317,325,HCNISRELW,0.5,HLA-B*53:01
1,198,206,SFDPIPIHY,0.5,HLA-B*08:01
1,790,798,VQYWGLELK,0.5,HLA-A*30:01
1,241,249,KPVVSTQLL,0.5,HLA-B*51:01
1,656,664,FSITKWLWY,0.5,HLA-A*30:02
1,596,604,SWSNKSQDY,0.5,HLA-A*30:02
1,606,614,WGNMTWMQW,0.5,HLA-B*58:01
1,354,362,DLEVTTHSF,0.51,HLA-A*26:01
1,31,39,ENSWVTVYY,0.51,HLA-A*01:01
1,386,394,DANNNTITL,0.51,HLA-B*08:01
1,285,293,CTRPNNNTR,0.51,HLA-A*30:01
1,514,522,GAASITLTV,0.51,HLA-B*51:01
1,393,401,TLPCKIKQI,0.51,HLA-A*02:03
1,258,266,EIIIRSENL,0.52,HLA-A*26:01
1,198,206,SFDPIPIHY,0.52,HLA-B*44:02
1,657,665,SITKWLWYI,0.52,HLA-A*02:01
1,40,48,GVPVWTEAK,0.52,HLA-A*11:01
1,546,554,QHMLQLTVW,0.53,HLA-A*23:01
1,833,841,IPRRIRQGF,0.53,HLA-B*35:01
1,738,746,LVWEDLRSL,0.53,HLA-A*02:03
1,732,740,VSGFLALVW,0.54,HLA-A*32:01
1,167,175,RSDIVPLEK,0.54,HLA-A*01:01
1,645,653,ALDSWNNLW,0.54,HLA-A*01:01
1,679,687,RIILGVLSI,0.54,HLA-A*02:03
1,753,761,RLRDFILIA,0.54,HLA-A*02:01
1,653,661,WNWFSITKW,0.54,HLA-B*58:01
1,413,421,YAPPIAGNI,0.55,HLA-A*68:02
1,829,837,AIYNIPRRI,0.55,HLA-A*30:01
1,687,695,IVKRVRQGY,0.55,HLA-A*30:01
1,200,208,DPIPIHYCA,0.55,HLA-B*51:01
1,680,688,IILGVLSIV,0.55,HLA-A*02:01
1,679,687,RIILGVLSI,0.55,HLA-A*02:06
1,198,206,SFDPIPIHY,0.55,HLA-B*15:01
1,775,783,GLQTGWQAL,0.56,HLA-A*02:01
1,386,394,DANNNTITL,0.57,HLA-A*26:01
1,191,199,TQACPKVSF,0.57,HLA-A*32:01
1,87,95,NVTESFNMW,0.57,HLA-A*32:01
1,464,472,SELYKYKVV,0.57,HLA-B*44:02
1,692,700,RQGYSPLSF,0.57,HLA-A*24:02
1,608,616,NMTWMQWDR,0.57,HLA-A*33:01
1,613,621,QWDREINNY,0.57,HLA-A*30:02
1,301,309,GQVFYTNEI,0.57,HLA-A*02:06
1,695,703,YSPLSFQTL,0.58,HLA-B*51:01
1,759,767,LIAGRAAEL,0.58,HLA-A*02:03
1,276,284,HLNKSVAIV,0.58,HLA-A*02:01
1,577,585,GLWGCSGKL,0.58,HLA-A*02:01
1,598,606,SNKSQDYIW,0.58,HLA-B*57:01
1,641,649,KDLLALDSW,0.59,HLA-B*44:03
1,279,287,KSVAIVCTR,0.59,HLA-A*11:01
1,157,165,KTQKVNALF,0.59,HLA-B*15:01
1,681,689,ILGVLSIVK,0.59,HLA-A*03:01
1,658,666,ITKWLWYIK,0.59,HLA-A*31:01
1,692,700,RQGYSPLSF,0.6,HLA-A*23:01
1,630,638,EESQSQQEK,0.6,HLA-B*44:02
1,459,467,KDNWRSELY,0.6,HLA-A*01:01
1,613,621,QWDREINNY,0.6,HLA-A*01:01
1,200,208,DPIPIHYCA,0.6,HLA-B*35:01
1,357,365,VTTHSFNCR,0.6,HLA-A*33:01
1,563,571,VLAIERYLK,0.6,HLA-A*11:01
1,8,16,RNWPQWWIW,0.61,HLA-A*23:01
1,620,628,NYTDIIYTL,0.61,HLA-B*08:01
1,236,244,CTHGIKPVV,0.61,HLA-A*68:02
1,551,559,LTVWGIKQL,0.61,HLA-A*68:02
1,621,629,YTDIIYTLL,0.61,HLA-A*02:01
1,833,841,IPRRIRQGF,0.62,HLA-B*53:01
1,30,38,EENSWVTVY,0.62,HLA-B*35:01
1,410,418,RAMYAPPIA,0.62,HLA-A*30:01
1,167,175,RSDIVPLEK,0.62,HLA-A*30:01
1,512,520,TMGAASITL,0.62,HLA-A*02:01
1,656,664,FSITKWLWY,0.62,HLA-B*58:01
1,828,836,RAIYNIPRR,0.62,HLA-A*11:01
1,560,568,QARVLAIER,0.62,HLA-A*31:01
1,606,614,WGNMTWMQW,0.62,HLA-B*57:01
1,671,679,IVGGLIGLR,0.62,HLA-A*68:01
1,354,362,DLEVTTHSF,0.63,HLA-B*53:01
1,255,263,AEGEIIIRS,0.63,HLA-B*44:03
1,198,206,SFDPIPIHY,0.63,HLA-B*44:03
1,723,731,QDKDRSIRL,0.63,HLA-B*08:01
1,241,249,KPVVSTQLL,0.63,HLA-B*35:01
1,644,652,LALDSWNNL,0.63,HLA-B*51:01
1,791,799,QYWGLELKK,0.63,HLA-A*33:01
1,289,297,NNNTRKSIR,0.63,HLA-A*33:01
1,477,485,LGIAPTKAK,0.63,HLA-A*30:01
1,604,612,YIWGNMTWM,0.63,HLA-A*02:06
1,562,570,RVLAIERYL,0.63,HLA-A*02:06
1,54,62,ASDAKAYEK,0.63,HLA-A*03:01
1,791,799,QYWGLELKK,0.63,HLA-A*31:01
1,226,234,GPCSNVSTV,0.64,HLA-B*51:01
1,822,830,GLQGIGRAI,0.64,HLA-A*02:03
1,653,661,WNWFSITKW,0.64,HLA-B*57:01
1,397,405,KIKQIINMW,0.65,HLA-B*53:01
1,302,310,QVFYTNEII,0.65,HLA-A*68:02
1,459,467,KDNWRSELY,0.65,HLA-A*30:02
1,501,509,VLLGFLGTA,0.65,HLA-A*02:06
1,357,365,VTTHSFNCR,0.65,HLA-A*31:01
1,662,670,LWYIKIFIM,0.66,HLA-A*23:01
1,464,472,SELYKYKVV,0.66,HLA-B*44:03
1,30,38,EENSWVTVY,0.66,HLA-A*01:01
1,186,194,NTSTITQAC,0.66,HLA-A*68:02
1,728,736,SIRLVSGFL,0.66,HLA-B*07:02
1,426,434,SITGLLLTR,0.66,HLA-A*03:01
1,517,525,SITLTVQAR,0.66,HLA-A*31:01
1,20,28,GFWMIIICR,0.66,HLA-A*31:01
1,546,554,QHMLQLTVW,0.67,HLA-A*24:02
1,630,638,EESQSQQEK,0.67,HLA-B*44:03
1,464,472,SELYKYKVV,0.67,HLA-B*40:01
1,394,402,LPCKIKQII,0.67,HLA-B*07:02
1,604,612,YIWGNMTWM,0.67,HLA-A*02:01
1,647,655,DSWNNLWNW,0.68,HLA-A*32:01
1,543,551,EAQQHMLQL,0.68,HLA-B*53:01
1,732,740,VSGFLALVW,0.68,HLA-B*53:01
1,645,653,ALDSWNNLW,0.68,HLA-B*53:01
1,618,626,INNYTDIIY,0.68,HLA-A*30:02
1,674,682,GLIGLRIIL,0.68,HLA-A*02:03
1,558,566,QLQARVLAI,0.68,HLA-A*02:03
1,753,761,RLRDFILIA,0.68,HLA-A*02:06
1,444,452,NNNDTEIFR,0.68,HLA-A*68:01
1,604,612,YIWGNMTWM,0.69,HLA-A*26:01
1,558,566,QLQARVLAI,0.69,HLA-A*32:01
1,84,92,VLENVTESF,0.69,HLA-A*23:01
1,31,39,ENSWVTVYY,0.69,HLA-B*35:01
1,727,735,RSIRLVSGF,0.69,HLA-A*30:02
1,478,486,GIAPTKAKR,0.69,HLA-A*33:01
1,828,836,RAIYNIPRR,0.69,HLA-A*68:01
1,13,21,WWIWGILGF,0.7,HLA-A*24:02
1,158,166,TQKVNALFY,0.7,HLA-A*01:01
1,557,565,KQLQARVLA,0.7,HLA-A*30:01
1,343,351,KTIEFQPPA,0.7,HLA-A*02:01
1,60,68,YEKEVHNVW,0.7,HLA-B*58:01
1,198,206,SFDPIPIHY,0.7,HLA-B*57:01
1,656,664,FSITKWLWY,0.7,HLA-B*57:01
1,695,703,YSPLSFQTL,0.71,HLA-A*23:01
1,84,92,VLENVTESF,0.71,HLA-A*24:02
1,54,62,ASDAKAYEK,0.71,HLA-A*01:01
1,514,522,GAASITLTV,0.71,HLA-A*02:01
1,198,206,SFDPIPIHY,0.71,HLA-A*11:01
1,589,597,TAVHWNSSW,0.72,HLA-A*26:01
1,540,548,RAIEAQQHM,0.72,HLA-A*32:01
1,540,548,RAIEAQQHM,0.72,HLA-B*53:01
1,589,597,TAVHWNSSW,0.72,HLA-B*35:01
1,543,551,EAQQHMLQL,0.72,HLA-B*35:01
1,735,743,FLALVWEDL,0.72,HLA-A*02:01
1,671,679,IVGGLIGLR,0.72,HLA-A*31:01
1,490,498,EREKRAVGL,0.73,HLA-B*08:01
1,226,234,GPCSNVSTV,0.73,HLA-B*07:02
1,163,171,ALFYRSDIV,0.73,HLA-A*02:01
1,255,263,AEGEIIIRS,0.74,HLA-B*44:02
1,153,161,ELRDKTQKV,0.74,HLA-A*68:02
1,775,783,GLQTGWQAL,0.74,HLA-A*02:03
1,197,205,VSFDPIPIH,0.74,HLA-A*11:01
1,357,365,VTTHSFNCR,0.74,HLA-A*68:01
1,687,695,IVKRVRQGY,0.75,HLA-A*32:01
1,269,277,NAKTIIVHL,0.75,HLA-B*53:01
1,561,569,ARVLAIERY,0.75,HLA-A*30:02
1,295,303,SIRIGPGQV,0.75,HLA-A*30:01
1,109,117,GLWDESLKP,0.75,HLA-A*02:01
1,362,370,FNCRGEFFY,0.76,HLA-A*01:01
1,829,837,AIYNIPRRI,0.76,HLA-A*02:06
1,44,52,WTEAKTTLF,0.77,HLA-A*26:01
1,269,277,NAKTIIVHL,0.77,HLA-A*26:01
1,103,111,MHEDIIGLW,0.77,HLA-A*23:01
1,296,304,IRIGPGQVF,0.77,HLA-A*23:01
1,204,212,IHYCAPAGY,0.77,HLA-A*30:02
1,31,39,ENSWVTVYY,0.77,HLA-A*30:02
1,505,513,FLGTAGSTM,0.77,HLA-B*15:01
1,562,570,RVLAIERYL,0.77,HLA-B*57:01
1,173,181,LEKNSSEYI,0.78,HLA-B*44:02
1,811,819,VVAEGTDRL,0.78,HLA-A*02:03
1,534,542,QQSNLLRAI,0.78,HLA-A*02:06
1,30,38,EENSWVTVY,0.78,HLA-B*15:01
1,616,624,REINNYTDI,0.79,HLA-B*44:02
1,103,111,MHEDIIGLW,0.79,HLA-B*58:01
1,592,600,HWNSSWSNK,0.79,HLA-A*30:01
1,327,335,NTLEQVKKK,0.79,HLA-A*03:01
1,197,205,VSFDPIPIH,0.79,HLA-A*03:01
1,560,568,QARVLAIER,0.79,HLA-A*68:01
1,354,362,DLEVTTHSF,0.8,HLA-A*01:01
1,279,287,KSVAIVCTR,0.8,HLA-A*68:01
1,30,38,EENSWVTVY,0.81,HLA-B*40:01
1,405,413,WQEVGRAMY,0.81,HLA-A*30:02
1,546,554,QHMLQLTVW,0.82,HLA-B*44:02
1,616,624,REINNYTDI,0.82,HLA-B*44:03
1,507,515,GTAGSTMGA,0.82,HLA-A*68:02
1,10,18,WPQWWIWGI,0.82,HLA-B*51:01
1,505,513,FLGTAGSTM,0.82,HLA-A*02:03
1,459,467,KDNWRSELY,0.83,HLA-B*44:02
1,102,110,QMHEDIIGL,0.83,HLA-A*32:01
1,606,614,WGNMTWMQW,0.83,HLA-B*53:01
1,546,554,QHMLQLTVW,0.83,HLA-B*44:03
1,339,347,HFQNKTIEF,0.83,HLA-B*35:01
1,165,173,FYRSDIVPL,0.83,HLA-B*08:01
1,781,789,QALKYLGSL,0.83,HLA-B*08:01
1,759,767,LIAGRAAEL,0.83,HLA-B*07:02
1,194,202,CPKVSFDPI,0.83,HLA-B*51:01
1,63,71,EVHNVWATH,0.83,HLA-A*33:01
1,571,579,KDQQLLGLW,0.83,HLA-B*58:01
1,520,528,LTVQARQLL,0.83,HLA-B*58:01
1,776,784,LQTGWQALK,0.83,HLA-A*11:01
1,772,780,SLRGLQTGW,0.83,HLA-B*15:01
1,654,662,NWFSITKWL,0.84,HLA-A*23:01
1,214,222,ILKCNNKTF,0.84,HLA-B*08:01
1,562,570,RVLAIERYL,0.84,HLA-B*58:01
1,679,687,RIILGVLSI,0.84,HLA-A*02:01
1,153,161,ELRDKTQKV,0.85,HLA-A*26:01
1,56,64,DAKAYEKEV,0.85,HLA-B*08:01
1,478,486,GIAPTKAKR,0.85,HLA-A*03:01
1,520,528,LTVQARQLL,0.85,HLA-B*57:01
1,695,703,YSPLSFQTL,0.86,HLA-B*08:01
1,690,698,RVRQGYSPL,0.86,HLA-B*08:01
1,200,208,DPIPIHYCA,0.86,HLA-B*08:01
1,343,351,KTIEFQPPA,0.86,HLA-A*68:02
1,657,665,SITKWLWYI,0.86,HLA-A*68:02
1,620,628,NYTDIIYTL,0.86,HLA-A*68:02
1,480,488,APTKAKRRV,0.86,HLA-B*51:01
1,478,486,GIAPTKAKR,0.86,HLA-A*11:01
1,749,757,FSYHRLRDF,0.87,HLA-A*32:01
1,546,554,QHMLQLTVW,0.87,HLA-B*53:01
1,36,44,TVYYGVPVW,0.87,HLA-A*23:01
1,52,60,FCASDAKAY,0.87,HLA-A*01:01
1,684,692,VLSIVKRVR,0.87,HLA-A*33:01
1,655,663,WFSITKWLW,0.87,HLA-B*58:01
1,829,837,AIYNIPRRI,0.87,HLA-A*02:01
1,297,305,RIGPGQVFY,0.87,HLA-B*57:01
1,63,71,EVHNVWATH,0.87,HLA-A*68:01
1,568,576,RYLKDQQLL,0.88,HLA-A*32:01
1,191,199,TQACPKVSF,0.88,HLA-B*44:03
1,836,844,RIRQGFEAA,0.88,HLA-B*07:02
1,706,714,NPRGPDRLR,0.88,HLA-A*33:01
1,620,628,NYTDIIYTL,0.88,HLA-A*33:01
1,2,10,RVRGILRNW,0.89,HLA-A*30:02
1,749,757,FSYHRLRDF,0.89,HLA-B*58:01
1,728,736,SIRLVSGFL,0.89,HLA-A*30:01
1,548,556,MLQLTVWGI,0.89,HLA-A*02:01
1,191,199,TQACPKVSF,0.9,HLA-B*44:02
1,103,111,MHEDIIGLW,0.9,HLA-A*24:02
1,191,199,TQACPKVSF,0.9,HLA-B*40:01
1,671,679,IVGGLIGLR,0.9,HLA-A*33:01
1,621,629,YTDIIYTLL,0.9,HLA-B*58:01
1,657,665,SITKWLWYI,0.9,HLA-A*02:03
1,308,316,EIIGNIRQA,0.9,HLA-A*02:03
1,114,122,SLKPCVKLT,0.9,HLA-A*02:03
1,497,505,GLGAVLLGF,0.91,HLA-A*32:01
1,269,277,NAKTIIVHL,0.91,HLA-B*35:01
1,404,412,MWQEVGRAM,0.92,HLA-A*24:02
1,683,691,GVLSIVKRV,0.92,HLA-A*68:02
1,66,74,NVWATHACV,0.92,HLA-A*02:06
1,314,322,RQAHCNISR,0.92,HLA-A*03:01
1,540,548,RAIEAQQHM,0.93,HLA-A*26:01
1,794,802,GLELKKSAI,0.93,HLA-B*08:01
1,641,649,KDLLALDSW,0.93,HLA-B*58:01
1,297,305,RIGPGQVFY,0.94,HLA-A*26:01
1,29,37,GEENSWVTV,0.94,HLA-B*44:03
1,30,38,EENSWVTVY,0.94,HLA-A*30:02
1,558,566,QLQARVLAI,0.94,HLA-A*02:01
1,8,16,RNWPQWWIW,0.95,HLA-A*24:02
1,617,625,EINNYTDII,0.95,HLA-A*68:02
1,273,281,IIVHLNKSV,0.95,HLA-A*02:03
1,50,58,TLFCASDAK,0.95,HLA-A*11:01
1,308,316,EIIGNIRQA,0.95,HLA-A*02:06
1,674,682,GLIGLRIIL,0.95,HLA-A*02:06
1,776,784,LQTGWQALK,0.95,HLA-A*03:01
1,690,698,RVRQGYSPL,0.95,HLA-B*15:01
1,645,653,ALDSWNNLW,0.96,HLA-B*44:02
1,173,181,LEKNSSEYI,0.96,HLA-B*44:03
1,62,70,KEVHNVWAT,0.96,HLA-B*40:01
1,36,44,TVYYGVPVW,0.96,HLA-B*35:01
1,520,528,LTVQARQLL,0.96,HLA-A*68:02
1,777,785,QTGWQALKY,0.96,HLA-B*58:01
1,546,554,QHMLQLTVW,0.96,HLA-B*58:01
1,360,368,HSFNCRGEF,0.96,HLA-B*58:01
1,314,322,RQAHCNISR,0.96,HLA-A*11:01
1,60,68,YEKEVHNVW,0.96,HLA-B*57:01
1,29,37,GEENSWVTV,0.97,HLA-B*44:02
1,84,92,VLENVTESF,0.97,HLA-A*01:01
1,791,799,QYWGLELKK,0.97,HLA-A*30:01
1,557,565,KQLQARVLA,0.97,HLA-A*02:06
1,545,553,QQHMLQLTV,0.97,HLA-B*15:01
1,335,343,KLKEHFQNK,0.98,HLA-A*32:01
1,26,34,ICRGEENSW,0.98,HLA-B*53:01
1,287,295,RPNNNTRKS,0.98,HLA-B*07:02
1,390,398,NTITLPCKI,0.98,HLA-B*51:01
1,554,562,WGIKQLQAR,0.98,HLA-A*33:01
1,749,757,FSYHRLRDF,0.99,HLA-A*26:01
1,620,628,NYTDIIYTL,0.99,HLA-A*32:01
1,198,206,SFDPIPIHY,0.99,HLA-A*03:01
1,533,541,QQQSNLLRA,1.0,HLA-A*02:06