Seq #,Peptide start,Peptide end,Peptide,Consensus percentile rank,Allele
1,504,518,GYQPYRVVVLSFELL,0.49,HLA-DPA1*01/DPB1*04:01
1,340,354,EVFNATRFASVYAWN,1.98,HLA-DPA1*01/DPB1*04:01
1,231,245,IGINITRFQTLLALH,2.49,HLA-DPA1*01/DPB1*04:01
1,1,15,MFVFLVLLPLVSSQC,2.75,HLA-DPA1*01/DPB1*04:01
1,48,62,LHSTQDLFLPFFSNV,3.66,HLA-DPA1*01/DPB1*04:01
1,814,828,KRSFIEDLLFNKVTL,4.1,HLA-DPA1*01/DPB1*04:01
1,1056,1070,APHGVVFLHVTYVPA,5.1,HLA-DPA1*01/DPB1*04:01
1,264,278,AYYVGYLQPRTFLLK,6.4,HLA-DPA1*01/DPB1*04:01
1,184,198,GNFKNLREFVFKNID,7.3,HLA-DPA1*01/DPB1*04:01
1,715,729,PTNFTISVTTEILPV,8.9,HLA-DPA1*01/DPB1*04:01
1,504,518,GYQPYRVVVLSFELL,0.36,HLA-DPA1*01:03/DPB1*02:01
1,48,62,LHSTQDLFLPFFSNV,1.4,HLA-DPA1*01:03/DPB1*02:01
1,166,180,CTFEYVSQPFLMDLE,1.5,HLA-DPA1*01:03/DPB1*02:01
1,366,380,SVLYNSASFSTFKCY,2.6,HLA-DPA1*01:03/DPB1*02:01
1,131,145,CEFQFCNDPFLGVYY,2.9,HLA-DPA1*01:03/DPB1*02:01
1,264,278,AYYVGYLQPRTFLLK,3,HLA-DPA1*01:03/DPB1*02:01
1,56,70,LPFFSNVTWFHAIHV,3,HLA-DPA1*01:03/DPB1*02:01
1,749,763,CSNLLLQYGSFCTQL,3.2,HLA-DPA1*01:03/DPB1*02:01
1,231,245,IGINITRFQTLLALH,3.4,HLA-DPA1*01:03/DPB1*02:01
1,445,459,VGGNYNYLYRLFRKS,3.4,HLA-DPA1*01:03/DPB1*02:01
1,814,828,KRSFIEDLLFNKVTL,3.8,HLA-DPA1*01:03/DPB1*02:01
1,1210,1224,IKWPWYIWLGFIAGL,4,HLA-DPA1*01:03/DPB1*02:01
1,1,15,MFVFLVLLPLVSSQC,5.2,HLA-DPA1*01:03/DPB1*02:01
1,1056,1070,APHGVVFLHVTYVPA,6.3,HLA-DPA1*01:03/DPB1*02:01
1,184,198,GNFKNLREFVFKNID,6.7,HLA-DPA1*01:03/DPB1*02:01
1,794,808,IKDFGGFNFSQILPD,6.9,HLA-DPA1*01:03/DPB1*02:01
1,389,403,DLCFTNVYADSFVIR,7.2,HLA-DPA1*01:03/DPB1*02:01
1,554,568,ESNKKFLPFQQFGRD,7.3,HLA-DPA1*01:03/DPB1*02:01
1,486,500,FNCYFPLQSYGFQPT,9.9,HLA-DPA1*01:03/DPB1*02:01
1,504,518,GYQPYRVVVLSFELL,0.3,HLA-DPA1*02:01/DPB1*01:01
1,1,15,MFVFLVLLPLVSSQC,1.5,HLA-DPA1*02:01/DPB1*01:01
1,166,180,CTFEYVSQPFLMDLE,1.6,HLA-DPA1*02:01/DPB1*01:01
1,340,354,EVFNATRFASVYAWN,1.7,HLA-DPA1*02:01/DPB1*01:01
1,794,808,IKDFGGFNFSQILPD,2,HLA-DPA1*02:01/DPB1*01:01
1,48,62,LHSTQDLFLPFFSNV,2.6,HLA-DPA1*02:01/DPB1*01:01
1,231,245,IGINITRFQTLLALH,2.7,HLA-DPA1*02:01/DPB1*01:01
1,814,828,KRSFIEDLLFNKVTL,2.7,HLA-DPA1*02:01/DPB1*01:01
1,554,568,ESNKKFLPFQQFGRD,4,HLA-DPA1*02:01/DPB1*01:01
1,264,278,AYYVGYLQPRTFLLK,4.6,HLA-DPA1*02:01/DPB1*01:01
1,1210,1224,IKWPWYIWLGFIAGL,5.2,HLA-DPA1*02:01/DPB1*01:01
1,918,932,ENQKLIANQFNSAIG,7.6,HLA-DPA1*02:01/DPB1*01:01
1,867,881,DEMIAQYTSALLAGT,7.7,HLA-DPA1*02:01/DPB1*01:01
1,715,729,PTNFTISVTTEILPV,7.8,HLA-DPA1*02:01/DPB1*01:01
1,184,198,GNFKNLREFVFKNID,8.4,HLA-DPA1*02:01/DPB1*01:01
1,1222,1236,AGLIAIVMVTIMLCC,9.2,HLA-DPA1*02:01/DPB1*01:01
1,56,70,LPFFSNVTWFHAIHV,9.3,HLA-DPA1*02:01/DPB1*01:01
1,99,113,NIIRGWIFGTTLDSK,9.7,HLA-DPA1*02:01/DPB1*01:01
1,184,198,GNFKNLREFVFKNID,0.82,HLA-DPA1*02:01/DPB1*05:01
1,814,828,KRSFIEDLLFNKVTL,1.1,HLA-DPA1*02:01/DPB1*05:01
1,445,459,VGGNYNYLYRLFRKS,1.3,HLA-DPA1*02:01/DPB1*05:01
1,504,518,GYQPYRVVVLSFELL,1.7,HLA-DPA1*02:01/DPB1*05:01
1,191,205,EFVFKNIDGYFKIYS,3,HLA-DPA1*02:01/DPB1*05:01
1,554,568,ESNKKFLPFQQFGRD,3,HLA-DPA1*02:01/DPB1*05:01
1,264,278,AYYVGYLQPRTFLLK,4.5,HLA-DPA1*02:01/DPB1*05:01
1,1,15,MFVFLVLLPLVSSQC,4.7,HLA-DPA1*02:01/DPB1*05:01
1,231,245,IGINITRFQTLLALH,4.9,HLA-DPA1*02:01/DPB1*05:01
1,48,62,LHSTQDLFLPFFSNV,5.3,HLA-DPA1*02:01/DPB1*05:01
1,340,354,EVFNATRFASVYAWN,5.9,HLA-DPA1*02:01/DPB1*05:01
1,452,466,LYRLFRKSNLKPFER,6.6,HLA-DPA1*02:01/DPB1*05:01
1,366,380,SVLYNSASFSTFKCY,7,HLA-DPA1*02:01/DPB1*05:01
1,36,50,VYYPDKVFRSSVLHS,7.6,HLA-DPA1*02:01/DPB1*05:01
1,86,100,FNDGVYFASTEKSNI,7.9,HLA-DPA1*02:01/DPB1*05:01
1,1210,1224,IKWPWYIWLGFIAGL,9.2,HLA-DPA1*02:01/DPB1*05:01
1,1145,1159,LDSFKEELDKYFKNH,9.7,HLA-DPA1*02:01/DPB1*05:01
1,1,15,MFVFLVLLPLVSSQC,0.34,HLA-DPA1*03:01/DPB1*04:02
1,340,354,EVFNATRFASVYAWN,1.5,HLA-DPA1*03:01/DPB1*04:02
1,131,145,CEFQFCNDPFLGVYY,2.2,HLA-DPA1*03:01/DPB1*04:02
1,231,245,IGINITRFQTLLALH,2.5,HLA-DPA1*03:01/DPB1*04:02
1,166,180,CTFEYVSQPFLMDLE,2.6,HLA-DPA1*03:01/DPB1*04:02
1,1222,1236,AGLIAIVMVTIMLCC,3,HLA-DPA1*03:01/DPB1*04:02
1,1002,1016,QSLQTYVTQQLIRAA,3.3,HLA-DPA1*03:01/DPB1*04:02
1,48,62,LHSTQDLFLPFFSNV,3.7,HLA-DPA1*03:01/DPB1*04:02
1,511,525,VVLSFELLHAPATVC,4.2,HLA-DPA1*03:01/DPB1*04:02
1,973,987,ISSVLNDILSRLDKV,5.1,HLA-DPA1*03:01/DPB1*04:02
1,814,828,KRSFIEDLLFNKVTL,5.1,HLA-DPA1*03:01/DPB1*04:02
1,264,278,AYYVGYLQPRTFLLK,6,HLA-DPA1*03:01/DPB1*04:02
1,504,518,GYQPYRVVVLSFELL,6.2,HLA-DPA1*03:01/DPB1*04:02
1,867,881,DEMIAQYTSALLAGT,7.9,HLA-DPA1*03:01/DPB1*04:02
1,1056,1070,APHGVVFLHVTYVPA,8.9,HLA-DPA1*03:01/DPB1*04:02
1,1210,1224,IKWPWYIWLGFIAGL,9.5,HLA-DPA1*03:01/DPB1*04:02
1,715,729,PTNFTISVTTEILPV,9.9,HLA-DPA1*03:01/DPB1*04:02
1,1103,1117,FVTQRNFYEPQIITT,3.2,HLA-DQA1*01:01/DQB1*05:01
1,814,828,KRSFIEDLLFNKVTL,4.4,HLA-DQA1*01:01/DQB1*05:01
1,486,500,FNCYFPLQSYGFQPT,4.7,HLA-DQA1*01:01/DQB1*05:01
1,48,62,LHSTQDLFLPFFSNV,5.5,HLA-DQA1*01:01/DQB1*05:01
1,1210,1224,IKWPWYIWLGFIAGL,6.1,HLA-DQA1*01:01/DQB1*05:01
1,653,667,AEHVNNSYECDIPIG,6.3,HLA-DQA1*01:01/DQB1*05:01
1,131,145,CEFQFCNDPFLGVYY,6.3,HLA-DQA1*01:01/DQB1*05:01
1,389,403,DLCFTNVYADSFVIR,6.6,HLA-DQA1*01:01/DQB1*05:01
1,511,525,VVLSFELLHAPATVC,7.1,HLA-DQA1*01:01/DQB1*05:01
1,1,15,MFVFLVLLPLVSSQC,7.8,HLA-DQA1*01:01/DQB1*05:01
1,218,232,QGFSALEPLVDLPIG,8,HLA-DQA1*01:01/DQB1*05:01
1,78,92,RFDNPVLPFNDGVYF,8,HLA-DQA1*01:01/DQB1*05:01
1,1010,1024,QQLIRAAEIRASANL,0.54,HLA-DQA1*01:02/DQB1*06:02
1,1222,1236,AGLIAIVMVTIMLCC,1.7,HLA-DQA1*01:02/DQB1*06:02
1,118,132,LIVNNATNVVIKVCE,2,HLA-DQA1*01:02/DQB1*06:02
1,867,881,DEMIAQYTSALLAGT,2.3,HLA-DQA1*01:02/DQB1*06:02
1,885,899,GWTFGAGAALQIPFA,2.3,HLA-DQA1*01:02/DQB1*06:02
1,762,776,QLNRALTGIAVEQDK,2.8,HLA-DQA1*01:02/DQB1*06:02
1,1017,1031,EIRASANLAATKMSE,3.3,HLA-DQA1*01:02/DQB1*06:02
1,601,615,GTNTSNQVAVLYQDV,3.3,HLA-DQA1*01:02/DQB1*06:02
1,684,698,ARSVASQSIIAYTMS,4.2,HLA-DQA1*01:02/DQB1*06:02
1,1168,1182,DISGINASVVNIQKE,4.2,HLA-DQA1*01:02/DQB1*06:02
1,634,648,RVYSTGSNVFQTRAG,6,HLA-DQA1*01:02/DQB1*06:02
1,277,291,LKYNENGTITDAVDC,7,HLA-DQA1*01:02/DQB1*06:02
1,541,555,FNFNGLTGTGVLTES,7.7,HLA-DQA1*01:02/DQB1*06:02
1,966,980,LSSNFGAISSVLNDI,9.4,HLA-DQA1*01:02/DQB1*06:02
1,253,267,DSSSGWTAGAAAYYV,9.5,HLA-DQA1*01:02/DQB1*06:02
1,955,969,NAQALNTLVKQLSSN,9.5,HLA-DQA1*01:02/DQB1*06:02
1,340,354,EVFNATRFASVYAWN,9.8,HLA-DQA1*01:02/DQB1*06:02
1,464,478,FERDISTEIYQAGST,9.8,HLA-DQA1*01:02/DQB1*06:02
1,425,439,LPDDFTGCVIAWNSN,9.8,HLA-DQA1*01:02/DQB1*06:02
1,935,949,QDSLSSTASALGKLQ,9.8,HLA-DQA1*01:02/DQB1*06:02
1,948,962,LQDVVNQNAQALNTL,9.9,HLA-DQA1*01:02/DQB1*06:02
1,762,776,QLNRALTGIAVEQDK,1.3,HLA-DQA1*03:01/DQB1*03:02
1,1189,1203,VAKNLNESLIDLQEL,2.5,HLA-DQA1*03:01/DQB1*03:02
1,982,996,SRLDKVEAEVQIDRL,3.8,HLA-DQA1*03:01/DQB1*03:02
1,715,729,PTNFTISVTTEILPV,5.3,HLA-DQA1*03:01/DQB1*03:02
1,284,298,TITDAVDCALDPLSE,7.4,HLA-DQA1*03:01/DQB1*03:02
1,885,899,GWTFGAGAALQIPFA,8.1,HLA-DQA1*03:01/DQB1*03:02
1,1168,1182,DISGINASVVNIQKE,8.9,HLA-DQA1*03:01/DQB1*03:02
1,762,776,QLNRALTGIAVEQDK,1.4,HLA-DQA1*04:01/DQB1*04:02
1,885,899,GWTFGAGAALQIPFA,4.2,HLA-DQA1*04:01/DQB1*04:02
1,253,267,DSSSGWTAGAAAYYV,4.4,HLA-DQA1*04:01/DQB1*04:02
1,218,232,QGFSALEPLVDLPIG,4.7,HLA-DQA1*04:01/DQB1*04:02
1,1189,1203,VAKNLNESLIDLQEL,5,HLA-DQA1*04:01/DQB1*04:02
1,966,980,LSSNFGAISSVLNDI,6.5,HLA-DQA1*04:01/DQB1*04:02
1,1168,1182,DISGINASVVNIQKE,9.9,HLA-DQA1*04:01/DQB1*04:02
1,617,631,CTEVPVAIHADQLTP,2.9,HLA-DQA1*05:01/DQB1*02:01
1,396,410,YADSFVIRGDEVRQI,5.6,HLA-DQA1*05:01/DQB1*02:01
1,166,180,CTFEYVSQPFLMDLE,6.6,HLA-DQA1*05:01/DQB1*02:01
1,1,15,MFVFLVLLPLVSSQC,6.6,HLA-DQA1*05:01/DQB1*02:01
1,715,729,PTNFTISVTTEILPV,7,HLA-DQA1*05:01/DQB1*02:01
1,218,232,QGFSALEPLVDLPIG,7.7,HLA-DQA1*05:01/DQB1*02:01
1,1132,1146,IVNNTVYDPLQPELD,8.1,HLA-DQA1*05:01/DQB1*02:01
1,1189,1203,VAKNLNESLIDLQEL,8.1,HLA-DQA1*05:01/DQB1*02:01
1,504,518,GYQPYRVVVLSFELL,9.5,HLA-DQA1*05:01/DQB1*02:01
1,389,403,DLCFTNVYADSFVIR,9.9,HLA-DQA1*05:01/DQB1*02:01
1,885,899,GWTFGAGAALQIPFA,0.85,HLA-DQA1*05:01/DQB1*03:01
1,663,677,DIPIGAGICASYQTQ,1.2,HLA-DQA1*05:01/DQB1*03:01
1,253,267,DSSSGWTAGAAAYYV,1.6,HLA-DQA1*05:01/DQB1*03:01
1,1010,1024,QQLIRAAEIRASANL,3.3,HLA-DQA1*05:01/DQB1*03:01
1,1017,1031,EIRASANLAATKMSE,4.1,HLA-DQA1*05:01/DQB1*03:01
1,586,600,DITPCSFGGVSVITP,4.6,HLA-DQA1*05:01/DQB1*03:01
1,966,980,LSSNFGAISSVLNDI,4.9,HLA-DQA1*05:01/DQB1*03:01
1,874,888,TSALLAGTITSGWTF,6.2,HLA-DQA1*05:01/DQB1*03:01
1,695,709,YTMSLGAENSVAYSN,7.8,HLA-DQA1*05:01/DQB1*03:01
1,541,555,FNFNGLTGTGVLTES,8.9,HLA-DQA1*05:01/DQB1*03:01
1,684,698,ARSVASQSIIAYTMS,9.4,HLA-DQA1*05:01/DQB1*03:01
1,867,881,DEMIAQYTSALLAGT,9.8,HLA-DQA1*05:01/DQB1*03:01
1,511,525,VVLSFELLHAPATVC,0.03,HLA-DRB1*01:01
1,1,15,MFVFLVLLPLVSSQC,0.24,HLA-DRB1*01:01
1,885,899,GWTFGAGAALQIPFA,0.68,HLA-DRB1*01:01
1,852,866,AQKFNGLTVLPPLLT,1.3,HLA-DRB1*01:01
1,541,555,FNFNGLTGTGVLTES,2.4,HLA-DRB1*01:01
1,238,252,FQTLLALHRSYLTPG,3.1,HLA-DRB1*01:01
1,895,909,QIPFAMQMAYRFNGI,3.6,HLA-DRB1*01:01
1,264,278,AYYVGYLQPRTFLLK,4.4,HLA-DRB1*01:01
1,762,776,QLNRALTGIAVEQDK,4.6,HLA-DRB1*01:01
1,966,980,LSSNFGAISSVLNDI,4.9,HLA-DRB1*01:01
1,990,1004,EVQIDRLITGRLQSL,5.6,HLA-DRB1*01:01
1,867,881,DEMIAQYTSALLAGT,6.2,HLA-DRB1*01:01
1,359,373,SNCVADYSVLYNSAS,7.5,HLA-DRB1*01:01
1,198,212,DGYFKIYSKHTPINL,9.9,HLA-DRB1*01:01
1,208,222,TPINLVRDLPQGFSA,0.59,HLA-DRB1*03:01
1,1111,1125,EPQIITTDNTFVSGN,3.1,HLA-DRB1*03:01
1,1078,1092,APAICHDGKAHFPRE,3.4,HLA-DRB1*03:01
1,359,373,SNCVADYSVLYNSAS,3.6,HLA-DRB1*03:01
1,396,410,YADSFVIRGDEVRQI,4.6,HLA-DRB1*03:01
1,990,1004,EVQIDRLITGRLQSL,4.7,HLA-DRB1*03:01
1,973,987,ISSVLNDILSRLDKV,5.1,HLA-DRB1*03:01
1,36,50,VYYPDKVFRSSVLHS,7,HLA-DRB1*03:01
1,910,924,GVTQNVLYENQKLIA,7.4,HLA-DRB1*03:01
1,895,909,QIPFAMQMAYRFNGI,7.9,HLA-DRB1*03:01
1,173,187,QPFLMDLEGKQGNFK,8.3,HLA-DRB1*03:01
1,802,816,FSQILPDPSKPSKRS,9.6,HLA-DRB1*03:01
1,1,15,MFVFLVLLPLVSSQC,2.2,HLA-DRB1*04:01
1,315,329,TSNFRVQPTESIVRF,2.3,HLA-DRB1*04:01
1,36,50,VYYPDKVFRSSVLHS,2.5,HLA-DRB1*04:01
1,140,154,FLGVYYHKNNKSWME,3,HLA-DRB1*04:01
1,672,686,ASYQTQTNSPRRARS,3.2,HLA-DRB1*04:01
1,238,252,FQTLLALHRSYLTPG,3.5,HLA-DRB1*04:01
1,359,373,SNCVADYSVLYNSAS,3.8,HLA-DRB1*04:01
1,802,816,FSQILPDPSKPSKRS,4.5,HLA-DRB1*04:01
1,231,245,IGINITRFQTLLALH,4.7,HLA-DRB1*04:01
1,966,980,LSSNFGAISSVLNDI,4.8,HLA-DRB1*04:01
1,634,648,RVYSTGSNVFQTRAG,5.5,HLA-DRB1*04:01
1,1017,1031,EIRASANLAATKMSE,5.6,HLA-DRB1*04:01
1,86,100,FNDGVYFASTEKSNI,5.6,HLA-DRB1*04:01
1,511,525,VVLSFELLHAPATVC,6.1,HLA-DRB1*04:01
1,1091,1105,REGVFVSNGTHWFVT,6.3,HLA-DRB1*04:01
1,325,339,SIVRFPNITNLCPFG,6.7,HLA-DRB1*04:01
1,852,866,AQKFNGLTVLPPLLT,6.8,HLA-DRB1*04:01
1,56,70,LPFFSNVTWFHAIHV,7.5,HLA-DRB1*04:01
1,264,278,AYYVGYLQPRTFLLK,7.8,HLA-DRB1*04:01
1,111,125,DSKTQSLLIVNNATN,7.9,HLA-DRB1*04:01
1,1111,1125,EPQIITTDNTFVSGN,7.9,HLA-DRB1*04:01
1,198,212,DGYFKIYSKHTPINL,8,HLA-DRB1*04:01
1,1152,1166,LDKYFKNHTSPDVDL,8.2,HLA-DRB1*04:01
1,935,949,QDSLSSTASALGKLQ,8.3,HLA-DRB1*04:01
1,715,729,PTNFTISVTTEILPV,8.5,HLA-DRB1*04:01
1,1056,1070,APHGVVFLHVTYVPA,8.6,HLA-DRB1*04:01
1,821,835,LLFNKVTLADAGFIK,8.8,HLA-DRB1*04:01
1,493,507,QSYGFQPTNGVGYQP,9.2,HLA-DRB1*04:01
1,63,77,TWFHAIHVSGTNGTK,9.3,HLA-DRB1*04:01
1,867,881,DEMIAQYTSALLAGT,9.8,HLA-DRB1*04:01
1,1124,1138,GNCDVVIGIVNNTVY,9.9,HLA-DRB1*04:01
1,325,339,SIVRFPNITNLCPFG,0.98,HLA-DRB1*04:05
1,852,866,AQKFNGLTVLPPLLT,2.3,HLA-DRB1*04:05
1,903,917,AYRFNGIGVTQNVLY,2.3,HLA-DRB1*04:05
1,154,168,ESEFRVYSSANNCTF,3.1,HLA-DRB1*04:05
1,315,329,TSNFRVQPTESIVRF,3.2,HLA-DRB1*04:05
1,359,373,SNCVADYSVLYNSAS,3.4,HLA-DRB1*04:05
1,504,518,GYQPYRVVVLSFELL,3.8,HLA-DRB1*04:05
1,111,125,DSKTQSLLIVNNATN,3.9,HLA-DRB1*04:05
1,1,15,MFVFLVLLPLVSSQC,4.3,HLA-DRB1*04:05
1,218,232,QGFSALEPLVDLPIG,4.5,HLA-DRB1*04:05
1,1222,1236,AGLIAIVMVTIMLCC,4.6,HLA-DRB1*04:05
1,264,278,AYYVGYLQPRTFLLK,4.8,HLA-DRB1*04:05
1,1124,1138,GNCDVVIGIVNNTVY,5.4,HLA-DRB1*04:05
1,966,980,LSSNFGAISSVLNDI,6.5,HLA-DRB1*04:05
1,1056,1070,APHGVVFLHVTYVPA,7.4,HLA-DRB1*04:05
1,231,245,IGINITRFQTLLALH,8.2,HLA-DRB1*04:05
1,56,70,LPFFSNVTWFHAIHV,8.4,HLA-DRB1*04:05
1,486,500,FNCYFPLQSYGFQPT,9,HLA-DRB1*04:05
1,794,808,IKDFGGFNFSQILPD,9.2,HLA-DRB1*04:05
1,166,180,CTFEYVSQPFLMDLE,9.3,HLA-DRB1*04:05
1,1152,1166,LDKYFKNHTSPDVDL,9.5,HLA-DRB1*04:05
1,715,729,PTNFTISVTTEILPV,0.51,HLA-DRB1*07:01
1,452,466,LYRLFRKSNLKPFER,3.1,HLA-DRB1*07:01
1,885,899,GWTFGAGAALQIPFA,3.4,HLA-DRB1*07:01
1,198,212,DGYFKIYSKHTPINL,3.7,HLA-DRB1*07:01
1,238,252,FQTLLALHRSYLTPG,4.1,HLA-DRB1*07:01
1,56,70,LPFFSNVTWFHAIHV,4.1,HLA-DRB1*07:01
1,935,949,QDSLSSTASALGKLQ,5.7,HLA-DRB1*07:01
1,340,354,EVFNATRFASVYAWN,6.8,HLA-DRB1*07:01
1,867,881,DEMIAQYTSALLAGT,7.4,HLA-DRB1*07:01
1,641,655,NVFQTRAGCLIGAEH,7.9,HLA-DRB1*07:01
1,1056,1070,APHGVVFLHVTYVPA,8.2,HLA-DRB1*07:01
1,504,518,GYQPYRVVVLSFELL,8.7,HLA-DRB1*07:01
1,366,380,SVLYNSASFSTFKCY,9.5,HLA-DRB1*07:01
1,1222,1236,AGLIAIVMVTIMLCC,2.3,HLA-DRB1*08:02
1,1,15,MFVFLVLLPLVSSQC,2.5,HLA-DRB1*08:02
1,867,881,DEMIAQYTSALLAGT,3.1,HLA-DRB1*08:02
1,154,168,ESEFRVYSSANNCTF,3.4,HLA-DRB1*08:02
1,1111,1125,EPQIITTDNTFVSGN,3.5,HLA-DRB1*08:02
1,231,245,IGINITRFQTLLALH,3.9,HLA-DRB1*08:02
1,198,212,DGYFKIYSKHTPINL,4,HLA-DRB1*08:02
1,627,641,DQLTPTWRVYSTGSN,4.4,HLA-DRB1*08:02
1,191,205,EFVFKNIDGYFKIYS,4.9,HLA-DRB1*08:02
1,1010,1024,QQLIRAAEIRASANL,5,HLA-DRB1*08:02
1,404,418,GDEVRQIAPGQTGKI,7.8,HLA-DRB1*08:02
1,821,835,LLFNKVTLADAGFIK,8.4,HLA-DRB1*08:02
1,903,917,AYRFNGIGVTQNVLY,8.9,HLA-DRB1*08:02
1,1017,1031,EIRASANLAATKMSE,8.9,HLA-DRB1*08:02
1,452,466,LYRLFRKSNLKPFER,9.1,HLA-DRB1*08:02
1,1002,1016,QSLQTYVTQQLIRAA,9.2,HLA-DRB1*08:02
1,885,899,GWTFGAGAALQIPFA,0.35,HLA-DRB1*09:01
1,541,555,FNFNGLTGTGVLTES,0.75,HLA-DRB1*09:01
1,154,168,ESEFRVYSSANNCTF,2.5,HLA-DRB1*09:01
1,715,729,PTNFTISVTTEILPV,3.1,HLA-DRB1*09:01
1,511,525,VVLSFELLHAPATVC,3.1,HLA-DRB1*09:01
1,253,267,DSSSGWTAGAAAYYV,3.9,HLA-DRB1*09:01
1,56,70,LPFFSNVTWFHAIHV,4.8,HLA-DRB1*09:01
1,198,212,DGYFKIYSKHTPINL,5.4,HLA-DRB1*09:01
1,1046,1060,GYHLMSFPQSAPHGV,6.4,HLA-DRB1*09:01
1,24,38,LPPAYTNSFTRGVYY,7.5,HLA-DRB1*09:01
1,166,180,CTFEYVSQPFLMDLE,7.8,HLA-DRB1*09:01
1,852,866,AQKFNGLTVLPPLLT,9.4,HLA-DRB1*09:01
1,966,980,LSSNFGAISSVLNDI,9.6,HLA-DRB1*09:01
1,1,15,MFVFLVLLPLVSSQC,0.59,HLA-DRB1*11:01
1,445,459,VGGNYNYLYRLFRKS,0.68,HLA-DRB1*11:01
1,198,212,DGYFKIYSKHTPINL,1.3,HLA-DRB1*11:01
1,348,362,ASVYAWNRKRISNCV,1.4,HLA-DRB1*11:01
1,452,466,LYRLFRKSNLKPFER,2.4,HLA-DRB1*11:01
1,238,252,FQTLLALHRSYLTPG,4.9,HLA-DRB1*11:01
1,955,969,NAQALNTLVKQLSSN,5.8,HLA-DRB1*11:01
1,852,866,AQKFNGLTVLPPLLT,6.1,HLA-DRB1*11:01
1,511,525,VVLSFELLHAPATVC,8,HLA-DRB1*11:01
1,140,154,FLGVYYHKNNKSWME,9.5,HLA-DRB1*11:01
1,238,252,FQTLLALHRSYLTPG,3.35,HLA-DRB1*12:01
1,1259,1273,DDSEPVLKGVKLHYT,3.95,HLA-DRB1*12:01
1,191,205,EFVFKNIDGYFKIYS,5.75,HLA-DRB1*12:01
1,895,909,QIPFAMQMAYRFNGI,6.3,HLA-DRB1*12:01
1,452,466,LYRLFRKSNLKPFER,8.65,HLA-DRB1*12:01
1,511,525,VVLSFELLHAPATVC,8.9,HLA-DRB1*12:01
1,1,15,MFVFLVLLPLVSSQC,9.2,HLA-DRB1*12:01
1,918,932,ENQKLIANQFNSAIG,9.35,HLA-DRB1*12:01
1,118,132,LIVNNATNVVIKVCE,0.03,HLA-DRB1*13:02
1,1124,1138,GNCDVVIGIVNNTVY,0.81,HLA-DRB1*13:02
1,1091,1105,REGVFVSNGTHWFVT,1.2,HLA-DRB1*13:02
1,948,962,LQDVVNQNAQALNTL,2.3,HLA-DRB1*13:02
1,702,716,ENSVAYSNNSIAIPT,3.1,HLA-DRB1*13:02
1,315,329,TSNFRVQPTESIVRF,4.1,HLA-DRB1*13:02
1,918,932,ENQKLIANQFNSAIG,4.8,HLA-DRB1*13:02
1,527,541,PKKSTNLVKNKCVNF,5.1,HLA-DRB1*13:02
1,1111,1125,EPQIITTDNTFVSGN,5.6,HLA-DRB1*13:02
1,432,446,CVIAWNSNNLDSKVG,7.7,HLA-DRB1*13:02
1,821,835,LLFNKVTLADAGFIK,7.9,HLA-DRB1*13:02
1,910,924,GVTQNVLYENQKLIA,8.2,HLA-DRB1*13:02
1,208,222,TPINLVRDLPQGFSA,8.4,HLA-DRB1*13:02
1,1017,1031,EIRASANLAATKMSE,8.7,HLA-DRB1*13:02
1,1152,1166,LDKYFKNHTSPDVDL,9.2,HLA-DRB1*13:02
1,1168,1182,DISGINASVVNIQKE,9.5,HLA-DRB1*13:02
1,396,410,YADSFVIRGDEVRQI,9.5,HLA-DRB1*13:02
1,191,205,EFVFKNIDGYFKIYS,9.6,HLA-DRB1*13:02
1,749,763,CSNLLLQYGSFCTQL,0.58,HLA-DRB1*15:01
1,867,881,DEMIAQYTSALLAGT,1,HLA-DRB1*15:01
1,238,252,FQTLLALHRSYLTPG,1.1,HLA-DRB1*15:01
1,1,15,MFVFLVLLPLVSSQC,2.4,HLA-DRB1*15:01
1,325,339,SIVRFPNITNLCPFG,2.7,HLA-DRB1*15:01
1,231,245,IGINITRFQTLLALH,3.6,HLA-DRB1*15:01
1,264,278,AYYVGYLQPRTFLLK,5.1,HLA-DRB1*15:01
1,511,525,VVLSFELLHAPATVC,6.1,HLA-DRB1*15:01
1,154,168,ESEFRVYSSANNCTF,6.3,HLA-DRB1*15:01
1,56,70,LPFFSNVTWFHAIHV,6.4,HLA-DRB1*15:01
1,198,212,DGYFKIYSKHTPINL,6.7,HLA-DRB1*15:01
1,783,797,AQVKQIYKTPPIKDF,7.9,HLA-DRB1*15:01
1,1002,1016,QSLQTYVTQQLIRAA,8.5,HLA-DRB1*15:01
1,895,909,QIPFAMQMAYRFNGI,8.6,HLA-DRB1*15:01
1,1124,1138,GNCDVVIGIVNNTVY,9.2,HLA-DRB1*15:01
1,504,518,GYQPYRVVVLSFELL,9.4,HLA-DRB1*15:01
1,340,354,EVFNATRFASVYAWN,9.6,HLA-DRB1*15:01
1,396,410,YADSFVIRGDEVRQI,0.49,HLA-DRB3*01:01
1,208,222,TPINLVRDLPQGFSA,0.51,HLA-DRB3*01:01
1,1091,1105,REGVFVSNGTHWFVT,0.76,HLA-DRB3*01:01
1,1111,1125,EPQIITTDNTFVSGN,2.8,HLA-DRB3*01:01
1,131,145,CEFQFCNDPFLGVYY,3.3,HLA-DRB3*01:01
1,315,329,TSNFRVQPTESIVRF,3.8,HLA-DRB3*01:01
1,895,909,QIPFAMQMAYRFNGI,4.2,HLA-DRB3*01:01
1,359,373,SNCVADYSVLYNSAS,5.8,HLA-DRB3*01:01
1,562,576,FQQFGRDIADTTDAV,5.9,HLA-DRB3*01:01
1,973,987,ISSVLNDILSRLDKV,5.9,HLA-DRB3*01:01
1,191,205,EFVFKNIDGYFKIYS,6.3,HLA-DRB3*01:01
1,731,745,MTKTSVDCTMYICGD,6.3,HLA-DRB3*01:01
1,36,50,VYYPDKVFRSSVLHS,7.1,HLA-DRB3*01:01
1,859,873,TVLPPLLTDEMIAQY,7.8,HLA-DRB3*01:01
1,1091,1105,REGVFVSNGTHWFVT,0.2,HLA-DRB3*02:02
1,118,132,LIVNNATNVVIKVCE,0.52,HLA-DRB3*02:02
1,918,932,ENQKLIANQFNSAIG,0.99,HLA-DRB3*02:02
1,366,380,SVLYNSASFSTFKCY,1.3,HLA-DRB3*02:02
1,702,716,ENSVAYSNNSIAIPT,1.4,HLA-DRB3*02:02
1,56,70,LPFFSNVTWFHAIHV,1.8,HLA-DRB3*02:02
1,1017,1031,EIRASANLAATKMSE,2,HLA-DRB3*02:02
1,140,154,FLGVYYHKNNKSWME,2.1,HLA-DRB3*02:02
1,315,329,TSNFRVQPTESIVRF,2.1,HLA-DRB3*02:02
1,432,446,CVIAWNSNNLDSKVG,2.2,HLA-DRB3*02:02
1,1152,1166,LDKYFKNHTSPDVDL,2.2,HLA-DRB3*02:02
1,903,917,AYRFNGIGVTQNVLY,2.6,HLA-DRB3*02:02
1,154,168,ESEFRVYSSANNCTF,3.7,HLA-DRB3*02:02
1,715,729,PTNFTISVTTEILPV,4.5,HLA-DRB3*02:02
1,452,466,LYRLFRKSNLKPFER,4.9,HLA-DRB3*02:02
1,895,909,QIPFAMQMAYRFNGI,4.9,HLA-DRB3*02:02
1,308,322,VEKGIYQTSNFRVQP,5.7,HLA-DRB3*02:02
1,948,962,LQDVVNQNAQALNTL,6.8,HLA-DRB3*02:02
1,36,50,VYYPDKVFRSSVLHS,7,HLA-DRB3*02:02
1,198,212,DGYFKIYSKHTPINL,7.1,HLA-DRB3*02:02
1,821,835,LLFNKVTLADAGFIK,7.3,HLA-DRB3*02:02
1,340,354,EVFNATRFASVYAWN,8.3,HLA-DRB3*02:02
1,895,909,QIPFAMQMAYRFNGI,0.82,HLA-DRB4*01:01
1,231,245,IGINITRFQTLLALH,1.3,HLA-DRB4*01:01
1,1002,1016,QSLQTYVTQQLIRAA,3.1,HLA-DRB4*01:01
1,208,222,TPINLVRDLPQGFSA,4,HLA-DRB4*01:01
1,1010,1024,QQLIRAAEIRASANL,4.7,HLA-DRB4*01:01
1,1222,1236,AGLIAIVMVTIMLCC,4.8,HLA-DRB4*01:01
1,504,518,GYQPYRVVVLSFELL,5.8,HLA-DRB4*01:01
1,8,22,LPLVSSQCVNLTTRT,6.4,HLA-DRB4*01:01
1,973,987,ISSVLNDILSRLDKV,9.8,HLA-DRB4*01:01
1,191,205,EFVFKNIDGYFKIYS,0.17,HLA-DRB5*01:01
1,238,252,FQTLLALHRSYLTPG,1.3,HLA-DRB5*01:01
1,1,15,MFVFLVLLPLVSSQC,2.3,HLA-DRB5*01:01
1,895,909,QIPFAMQMAYRFNGI,2.6,HLA-DRB5*01:01
1,445,459,VGGNYNYLYRLFRKS,3.6,HLA-DRB5*01:01
1,264,278,AYYVGYLQPRTFLLK,5.3,HLA-DRB5*01:01
1,776,790,KNTQEVFAQVKQIYK,5.3,HLA-DRB5*01:01
1,486,500,FNCYFPLQSYGFQPT,7.1,HLA-DRB5*01:01
1,554,568,ESNKKFLPFQQFGRD,7.4,HLA-DRB5*01:01
1,198,212,DGYFKIYSKHTPINL,8.9,HLA-DRB5*01:01
1,1069,1083,PAQEKNFTTAPAICH,8.9,HLA-DRB5*01:01
1,672,686,ASYQTQTNSPRRARS,9.2,HLA-DRB5*01:01
1,315,329,TSNFRVQPTESIVRF,9.2,HLA-DRB5*01:01
1,452,466,LYRLFRKSNLKPFER,9.3,HLA-DRB5*01:01
